S.No,STATE,DISTRICT,Lat,Lon,ACTUAL_1,NORMAL_1,PCTDEP_1,CAT_1,ACTUAL_2,NORMAL_2,PCTDEP_2,CAT_2,match_type,match_score
1,ANDAMAN & NICOBAR ISLANDS,NICOBAR,7.507,93.597,4.5,12.5,-64,LD,233.1,486.5,-52,D,EXACT,1.0
2,ANDAMAN & NICOBAR ISLANDS,NORTH & MIDDLE ANDAMAN,12.833,92.863,0.2,13.2,-98,LD,1206.6,830.6,45,E,EXACT,1.0
3,ANDAMAN & NICOBAR ISLANDS,SOUTH ANDAMAN,11.508,92.644,0.6,14.5,-96,LD,630.9,727.1,-13,N,EXACT,1.0
1,ARUNACHAL PRADESH,ANJAW,28.066,96.825,0,22.6,-100,NR,67.2,832.9,-92,LD,EXACT,1.0
2,ARUNACHAL PRADESH,CHANGLANG,27.363,96.341,4.4,15,-71,LD,587.2,711.6,-17,N,EXACT,1.0
3,ARUNACHAL PRADESH,DIBANG VALLEY,28.7,95.88,,7.1,,ND,0,685,-100,NR,EXACT,1.0
4,ARUNACHAL PRADESH,EAST KAMENG,27.586,92.923,0,11.5,-100,NR,829.9,633.4,31,E,EXACT,1.0
5,ARUNACHAL PRADESH,EAST SIANG,28.044,95.355,0,43.1,-100,NR,1396.9,1699.3,-18,N,EXACT,1.0
6,ARUNACHAL PRADESH,KURUNG KUMEY,28.014,93.202,22,18.5,19,N,255.1,559.9,-54,D,EXACT,1.0
7,ARUNACHAL PRADESH,LOHIT,27.906,96.276,9.1,17.3,-48,D,552.2,835.7,-34,D,EXACT,1.0
8,ARUNACHAL PRADESH,LOWER DIBANG VALLEY,28.25,95.84,,27.9,,ND,27.9,1284.7,-98,LD,EXACT,1.0
9,ARUNACHAL PRADESH,LOWER SUBANSIRI,27.562,93.787,0,6.2,-100,NR,213.6,340.1,-37,D,EXACT,1.0
10,ARUNACHAL PRADESH,PAPUMPARA,27.29,93.593,0.3,19.2,-99,LD,929.2,1207.1,-23,D,EXACT,1.0
11,ARUNACHAL PRADESH,TAWANG,27.662,91.95,1.7,12.6,-87,LD,147.7,479.9,-69,LD,EXACT,1.0
12,ARUNACHAL PRADESH,TIRAP,27.028,95.532,40.2,24.3,65,LE,1162.9,1033.1,13,N,EXACT,1.0
13,ARUNACHAL PRADESH,UPPER SIANG,28.834,94.915,1.6,7.6,-79,LD,470.7,938.2,-50,D,EXACT,1.0
14,ARUNACHAL PRADESH,UPPER SUBANSIRI,28.291,93.933,0,11,-100,NR,214.4,497.5,-57,D,EXACT,1.0
15,ARUNACHAL PRADESH,WEST KAMENG,27.298,92.39,1.4,30,-95,LD,239.3,862.7,-72,LD,EXACT,1.0
16,ARUNACHAL PRADESH,WEST SIANG,28.159,94.625,0,28.1,-100,NR,370.2,1029.8,-64,LD,EXACT,1.0
1,ASSAM,BAJALI,26.47,91.0,0,23.5,-100,NR,667,1233.9,-46,D,EXACT,1.0
2,ASSAM,BAKSA,26.661,91.353,0.3,12.8,-98,LD,715.9,886.8,-19,N,EXACT,1.0
3,ASSAM,BARPETA,26.34,91.005,0,23.5,-100,NR,796.4,1233.9,-35,D,EXACT,1.0
4,ASSAM,BISWANATH,26.829,93.383,,9.2,,ND,,748.7,,ND,EXACT,1.0
5,ASSAM,BONGAIGAON,26.36,90.62,0,13.9,-100,NR,618.2,1376.1,-55,D,EXACT,1.0
6,ASSAM,CACHAR,24.813,92.855,6.7,17.7,-62,LD,871.9,915.6,-5,N,EXACT,1.0
7,ASSAM,CHARAIDEO,27.063,95.046,1.5,10.3,-85,LD,681,473.2,44,E,EXACT,1.0
8,ASSAM,CHIRANG,26.66,90.599,0,18.9,-100,NR,798,1325.2,-40,D,EXACT,1.0
9,ASSAM,DARRANG,26.448,92.029,1,9.5,-89,LD,379.3,728.9,-48,D,EXACT,1.0
10,ASSAM,DHEMAJI,27.59,94.775,0,22.6,-100,NR,1269.7,1068.6,19,N,EXACT,1.0
11,ASSAM,DHUBRI,26.01,90.033,5.8,16.8,-65,LD,813.9,1188.8,-32,D,EXACT,1.0
12,ASSAM,DIBRUGARH,27.367,95.053,3.3,15.5,-79,LD,679.9,751.9,-10,N,EXACT,1.0
13,ASSAM,DIMA HASAO,25.378,93.031,1,9,-89,LD,209.8,572.1,-63,LD,EXACT,1.0
14,ASSAM,GOALPARA,26.052,90.605,1,23.7,-96,LD,467.6,1111.9,-58,D,EXACT,1.0
15,ASSAM,GOLAGHAT,26.475,93.835,0,10.5,-100,NR,401.6,510.1,-21,D,EXACT,1.0
16,ASSAM,HAILAKANDI,24.498,92.588,5.5,12.4,-55,D,624.5,773.4,-19,N,EXACT,1.0
17,ASSAM,HOJAI,25.978,92.98,0,7.1,-100,NR,206.2,349.6,-41,D,EXACT,1.0
18,ASSAM,JORHAT,26.711,94.264,2.9,8.2,-64,LD,442.1,605.1,-27,D,EXACT,1.0
19,ASSAM,KAMRUP METROPOLITAN,26.13,91.888,34.5,13.7,152,LE,442.2,566.4,-22,D,EXACT,1.0
20,ASSAM,KAMRUP RURAL,26.1,91.415,11.9,11.8,1,N,230.8,703.5,-67,LD,EXACT,1.0
21,ASSAM,KARBI ANGLONG,26.157,93.405,22.9,7.4,209,LE,264.9,387.9,-32,D,EXACT,1.0
22,ASSAM,KOKRAJHAR,26.494,90.117,1.9,23.7,-92,LD,1446.1,1470.5,-2,N,EXACT,1.0
23,ASSAM,LAKHIMPUR,27.174,94.141,0.4,19.8,-98,LD,1186.3,1024.7,16,N,EXACT,1.0
24,ASSAM,MAJULI,26.999,94.292,,8.2,,ND,545,605.1,-10,N,EXACT,1.0
25,ASSAM,MORIGAON,26.282,92.284,4.5,8.8,-48,D,298.4,544.4,-45,D,EXACT,1.0
26,ASSAM,NAGAON,26.362,92.754,3.8,10.4,-64,LD,184,502.1,-63,LD,EXACT,1.0
27,ASSAM,NALBARI,26.371,91.382,4.5,16.1,-72,LD,353.6,885.6,-60,LD,EXACT,1.0
28,ASSAM,SIBSAGAR,26.97,94.66,7.5,11.8,-36,D,399.8,589.2,-32,D,EXACT,1.0
29,ASSAM,SONITPUR,26.757,92.699,29.6,8.5,248,LE,512.1,599,-15,N,EXACT,1.0
30,ASSAM,SOUTH SALMARA,25.918,89.962,,16.8,,ND,,1188.8,,ND,EXACT,1.0
31,ASSAM,SRIBHUMI,24.868637,92.360548,9.2,20.9,-56,D,984.6,1144.7,-14,N,EXACT,1.0
32,ASSAM,TAMULPUR,26.69,91.1,2.6,12.7,-80,LD,710.9,796.4,-11,N,EXACT,1.0
33,ASSAM,TINSUKIA,27.58,95.62,0.4,13.1,-97,LD,756.9,727.4,4,N,EXACT,1.0
34,ASSAM,UDALGURI,26.73,92.032,10.7,12.7,-16,N,326.6,809.1,-60,LD,EXACT,1.0
35,ASSAM,WEST KARBI ANGLONG,25.85,92.533,0,7.4,-100,NR,211.2,337.7,-37,D,EXACT,1.0
1,MEGHALAYA,EAST GARO HILLS,25.624,90.631,4.6,12.3,-62,LD,441.7,991.6,-55,D,EXACT,1.0
2,MEGHALAYA,EAST JAINTIA HILLS,25.258,92.469,6.3,36.9,-83,LD,889.2,2459.7,-64,LD,EXACT,1.0
3,MEGHALAYA,EAST KHASI HILLS,25.381,91.797,13.9,44.8,-69,LD,1355.6,2483.1,-45,D,EXACT,1.0
4,MEGHALAYA,NORTH GARO HILLS,25.856,90.665,14.5,13.3,9,N,368.2,955.3,-61,LD,EXACT,1.0
5,MEGHALAYA,RI BHOI,25.871,91.886,3.1,12,-74,LD,423,716.4,-41,D,EXACT,1.0
6,MEGHALAYA,SOUTH GARO HILLS,25.302,90.582,6.3,13.3,-53,D,508.8,955.3,-47,D,EXACT,1.0
7,MEGHALAYA,SOUTH WEST GARO HILLS,25.446,89.993,2.2,13.3,-84,LD,485.4,955.3,-49,D,EXACT,1.0
8,MEGHALAYA,SOUTH WEST KHASI HILLS,25.321,91.243,21.5,13.3,62,LE,1862.2,955.3,95,LE,EXACT,1.0
9,MEGHALAYA,WEST GARO HILLS,25.653,90.196,2.3,18.6,-88,LD,334,953.1,-65,LD,EXACT,1.0
10,MEGHALAYA,WEST JAINTIA HILLS,25.483,92.285,3.6,36.9,-90,LD,594.3,2459.7,-76,LD,EXACT,1.0
11,MEGHALAYA,WEST KHASI HILLS,25.605,91.263,1,25,-96,LD,457.5,1427.4,-68,LD,EXACT,1.0
1,MIZORAM,AIZAWL,23.836,92.824,0.8,14,-95,LD,606.3,712.7,-15,N,EXACT,1.0
2,MIZORAM,CHAMPHAI,23.425,93.304,2.5,8.8,-71,LD,484.9,595.3,-19,N,EXACT,1.0
3,MIZORAM,KOLASIB,24.158,92.727,55.2,19.4,184,LE,579.8,769.2,-25,D,EXACT,1.0
4,MIZORAM,LAWNGTLAI,22.434,92.769,8.7,13.1,-34,D,731.4,833.4,-12,N,EXACT,1.0
5,MIZORAM,LUNGLEI,22.968,92.643,6.4,10.3,-38,D,668.1,823,-19,N,EXACT,1.0
6,MIZORAM,MAMIT,23.753,92.463,0,10,-100,NR,397.5,693.6,-43,D,EXACT,1.0
7,MIZORAM,SAIHA,22.291,93.001,10.6,10.5,1,N,546.7,855.5,-36,D,EXACT,1.0
8,MIZORAM,SERCHHIP,23.299,92.934,10.7,14.9,-28,D,767.3,739.6,4,N,EXACT,1.0
1,MANIPUR,BISHNUPUR,24.538,93.799,14.6,11.4,28,E,196.9,568.2,-65,LD,EXACT,1.0
2,MANIPUR,CHANDEL,24.14,94.014,6.9,11.4,-39,D,246.7,568.2,-57,D,EXACT,1.0
3,MANIPUR,CHURACHANDPUR,24.28,93.603,16,11.4,40,E,111,568.2,-80,LD,EXACT,1.0
4,MANIPUR,IMPHAL EAST,24.826,94.009,34.2,3.6,851,LE,292.6,382.5,-24,D,EXACT,1.0
5,MANIPUR,IMPHAL WEST,24.772,93.868,13.6,16.7,-18,N,206.6,844.6,-76,LD,EXACT,1.0
6,MANIPUR,SENAPATI,25.398,94.127,0.9,6.3,-86,LD,271,358.9,-25,D,EXACT,1.0
7,MANIPUR,TAMENGLONG,25.047,93.556,10.3,33.6,-69,LD,1115.4,2376.6,-53,D,EXACT,1.0
8,MANIPUR,THOUBAL,24.621,94.012,27.2,3.6,656,LE,157.9,382.5,-59,D,EXACT,1.0
9,MANIPUR,UKHRUL,25.23,94.427,45.8,7.7,495,LE,318.9,553.5,-42,D,EXACT,1.0
1,TRIPURA,DHALAI,23.839,91.92,6.1,6.4,-5,N,711.9,669.5,6,N,EXACT,1.0
2,TRIPURA,GOMATI,23.53,91.619,8.1,10.3,-21,D,589.4,740.4,-20,D,EXACT,1.0
3,TRIPURA,KHOWAI,23.947,91.655,6.9,6.6,5,N,746.6,680.5,10,N,EXACT,1.0
4,TRIPURA,NORTH TRIPURA,24.095,92.209,3.4,7.5,-55,D,625.6,672.5,-7,N,EXACT,1.0
5,TRIPURA,SIPAHIJALA,23.587,91.33,6.7,10,-33,D,606.9,699.6,-13,N,EXACT,1.0
6,TRIPURA,SOUTH TRIPURA,23.192,91.588,15.7,13.1,20,E,671.3,922.5,-27,D,EXACT,1.0
7,TRIPURA,UNAKOTI,24.193,92.04,0.3,8.7,-97,LD,800.6,725.4,10,N,EXACT,1.0
8,TRIPURA,WEST TRIPURA,23.888,91.397,10.1,6.9,47,E,724.9,633.1,15,N,EXACT,1.0
1,NAGALAND,DIMAPUR,25.776,93.795,0.1,6,-98,LD,236.2,364.3,-35,D,EXACT,1.0
2,NAGALAND,KIPHIRE,25.847,94.824,32.4,8.3,291,LE,353.6,287.4,23,E,EXACT,1.0
3,NAGALAND,KOHIMA,25.77,94.11,32.5,10.4,213,LE,487.5,548.5,-11,N,EXACT,1.0
4,NAGALAND,LONGLENG,26.559,94.798,,14.5,,ND,0.2,531.7,-99,LD,EXACT,1.0
5,NAGALAND,MOKOKCHUNG,26.472,94.529,0.3,9,-97,LD,777.6,661.3,18,N,EXACT,1.0
6,NAGALAND,MON,26.684,95.018,6.2,9.9,-37,D,253,563.9,-55,D,EXACT,1.0
7,NAGALAND,PEREN,25.493,93.615,2.9,5,-42,D,340.6,404.4,-16,N,EXACT,1.0
8,NAGALAND,PHEK,25.649,94.532,7.4,13.4,-45,D,257.6,399.8,-36,D,EXACT,1.0
9,NAGALAND,TUENSANG,26.177,94.887,14.8,14.5,2,N,73.2,531.7,-86,LD,EXACT,1.0
10,NAGALAND,WOKHA,26.196,94.198,0.5,11.7,-96,LD,506.9,590.8,-14,N,EXACT,1.0
11,NAGALAND,ZUNHEBOTO,26.003,94.486,55.4,10.1,449,LE,150,523.3,-71,LD,EXACT,1.0
1,WEST BENGAL,ALIPURDUAR,26.631,89.457,8.1,37.2,-78,LD,1661.4,1590.6,4,N,EXACT,1.0
2,WEST BENGAL,COOCH BEHAR,26.292,89.346,0.4,18.9,-98,LD,1251.6,1195.3,5,N,EXACT,1.0
3,WEST BENGAL,DARJEELING,26.853,88.263,4.1,27.1,-85,LD,1333.5,1357.3,-2,N,FUZZY,0.842
4,WEST BENGAL,JALPAIGURI,26.681,88.761,2.1,34.5,-94,LD,1329.1,1489.4,-11,N,EXACT,1.0
5,WEST BENGAL,KALIMPONG,27.033,88.629,31.9,26.9,19,N,1083.7,1172.8,-8,N,EXACT,1.0
6,WEST BENGAL,MALDA,25.142,88.089,1,9.6,-90,LD,485.7,512.4,-5,N,FUZZY,0.909
7,WEST BENGAL,NORTH DINAJPUR,25.889,87.998,5.6,10.1,-45,D,550.6,709,-22,D,EXACT,1.0
8,WEST BENGAL,SOUTH DINAJPUR,25.367,88.575,4.1,13.2,-69,LD,549.2,516.3,6,N,EXACT,1.0
1,SIKKIM,GANGTOK,27.292,88.671,4.1,17.3,-77,LD,1059.2,1074.2,-1,N,EXACT,1.0
2,SIKKIM,GYALSHING,27.349,88.175,2.4,22.6,-89,LD,1172.1,837.1,40,E,EXACT,1.0
3,SIKKIM,MANGAN,27.744,88.528,1.6,14.1,-89,LD,728.2,750.3,-3,N,EXACT,1.0
4,SIKKIM,NAMCHI,27.287,88.383,4.6,12.1,-62,LD,1040.5,795.5,31,E,EXACT,1.0
5,SIKKIM,Pakyong,27.23,88.6,5.4,14.3,-62,LD,943.3,769.2,23,E,EXACT,1.0
6,SIKKIM,Soreng,27.17,88.25,3,22.6,-87,LD,1158,837.1,38,E,EXACT,1.0
1,WEST BENGAL,BANKURA,23.139,87.136,11,11.7,-6,N,514.2,510.9,1,N,EXACT,1.0
2,WEST BENGAL,BIRBHUM,23.955,87.663,1.1,9.3,-88,LD,342.5,508.4,-33,D,EXACT,1.0
3,WEST BENGAL,EAST MIDNAPORE,22.032,87.772,85.4,8.1,954,LE,704.5,533.5,32,E,EXACT,1.0
4,WEST BENGAL,HOOGHLY,22.884,88.072,7.2,10.6,-32,D,494.2,475.3,4,N,EXACT,1.0
5,WEST BENGAL,HOWRAH,22.524,88.064,43.8,8.9,392,LE,630.8,501.8,26,E,EXACT,1.0
6,WEST BENGAL,JHARGRAM,22.363,86.956,6.1,11,-44,D,426.9,503.8,-15,N,EXACT,1.0
7,WEST BENGAL,KOLKATA,22.559,88.344,52.4,9.4,457,LE,667.5,577.9,16,N,EXACT,1.0
8,WEST BENGAL,MURSHIDABAD,24.171,88.229,7.1,9.1,-22,D,340.7,460.6,-26,D,EXACT,1.0
9,WEST BENGAL,NADIA,23.479,88.517,11.3,7.5,50,E,373.6,448.8,-17,N,EXACT,1.0
10,WEST BENGAL,NORTH 24 PARGANAS,22.727,88.731,74.4,11,576,LE,708.1,525.1,35,E,EXACT,1.0
11,WEST BENGAL,PASCHIM BARDHAMAN,23.661,87.16,9.9,10.9,-9,N,428.1,478.2,-10,N,EXACT,1.0
12,WEST BENGAL,PURBA BARDHAMAN,23.36,87.947,4.5,8.4,-46,D,458.7,456.7,0,N,EXACT,1.0
13,WEST BENGAL,PURULIA,23.277,86.421,0.2,11,-98,LD,293.5,477.8,-39,D,EXACT,1.0
14,WEST BENGAL,SOUTH 24 PARGANAS,22.063,88.535,71.3,13.6,424,LE,686.9,641,7,N,EXACT,1.0
15,WEST BENGAL,WEST MIDNAPORE,22.439,87.417,13,11,18,N,738.7,503.8,47,E,EXACT,1.0
1,ODISHA,ANGUL,20.987,84.906,0.8,7.4,-89,LD,578.6,458.1,26,E,EXACT,1.0
2,ODISHA,BALANGIR,20.589,83.172,0.3,8.9,-97,LD,626.5,455.5,38,E,EXACT,1.0
3,ODISHA,BALASORE,21.492,86.914,40.4,6.8,494,LE,553.4,484.4,14,N,EXACT,1.0
4,ODISHA,BARGARH,21.219,83.349,0.8,10.2,-93,LD,789.2,495.4,59,E,EXACT,1.0
5,ODISHA,BHADRAK,20.983,86.625,13.3,8.4,58,E,555.2,422,32,E,EXACT,1.0
6,ODISHA,BOUDH,20.644,84.173,0,6.7,-100,NR,910.9,413.8,120,LE,EXACT,1.0
7,ODISHA,CUTTACK,20.453,85.697,0,5.6,-100,NR,701.8,443,58,E,EXACT,1.0
8,ODISHA,DEOGARH,21.537,84.733,5.6,7.1,-21,D,433.1,483.5,-10,N,EXACT,1.0
9,ODISHA,DHENKANAL,20.827,85.524,2.7,7.3,-63,LD,775.1,449,73,LE,EXACT,1.0
10,ODISHA,GAJAPATI,19.186,84.161,0,6.6,-100,NR,270.5,371.5,-27,D,EXACT,1.0
11,ODISHA,GANJAM,19.625,84.673,0,3.9,-100,NR,331.4,349,-5,N,EXACT,1.0
12,ODISHA,JAGATSINGHPUR,20.219,86.336,0,5.2,-100,NR,613.7,376.4,63,LE,EXACT,1.0
13,ODISHA,JAJPUR,20.856,86.149,2.8,5.6,-51,D,610.2,481.5,27,E,EXACT,1.0
14,ODISHA,JHARSUGUDA,21.806,83.948,4.8,9.3,-49,D,534.3,491.7,9,N,EXACT,1.0
15,ODISHA,KALAHANDI,19.868,83.108,0.4,8.4,-95,LD,421,574.5,-27,D,EXACT,1.0
16,ODISHA,KANDHAMAL,20.128,84.046,0.2,5.3,-97,LD,684.3,446.2,53,E,EXACT,1.0
17,ODISHA,KENDRAPARA,20.553,86.612,0.9,6.6,-86,LD,672.7,404,67,LE,EXACT,1.0
18,ODISHA,KEONJHARGARH,21.538,85.704,20,9.4,113,LE,631.9,472.7,34,E,EXACT,1.0
19,ODISHA,KHURDA,20.091,85.515,0,6.6,-100,NR,528.9,426.4,24,E,EXACT,1.0
20,ODISHA,KORAPUT,18.814,82.718,1,6.9,-86,LD,460.8,484.2,-5,N,EXACT,1.0
21,ODISHA,MALKANGIRI,18.259,81.95,1.6,8.4,-81,LD,341.2,491,-31,D,EXACT,1.0
22,ODISHA,MAYURBHANJ,21.896,86.409,18.8,10.7,76,LE,485.2,505.4,-4,N,EXACT,1.0
23,ODISHA,NAWAPARA,20.465,82.577,0,7.3,-100,NR,452.7,438.8,3,N,EXACT,1.0
24,ODISHA,NAWARANGPUR,19.225724,82.549722,0.3,11.1,-98,LD,341,565,-40,D,EXACT,1.0
25,ODISHA,NAYAGARH,20.213,84.998,0,6.7,-100,NR,604.5,450.6,34,E,EXACT,1.0
26,ODISHA,PURI,19.879,85.726,0,4.9,-100,NR,595.7,371.4,60,LE,EXACT,1.0
27,ODISHA,RAYAGADA,19.364,83.512,0.3,7.2,-96,LD,324.5,411.9,-21,D,EXACT,1.0
28,ODISHA,SAMBALPUR,21.452,84.274,3,8.8,-66,LD,609.5,519.6,17,N,EXACT,1.0
29,ODISHA,SONEPUR,20.84622,83.896885,0.2,7.5,-98,LD,930.5,479.9,94,LE,EXACT,1.0
30,ODISHA,SUNDARGARH,22.08,84.559,7.8,11.2,-30,D,497.1,507.5,-2,N,EXACT,1.0
1,JHARKHAND,BOKARO,23.695,85.996,0.5,8.2,-95,LD,270.3,382.1,-29,D,EXACT,1.0
2,JHARKHAND,CHATRA,24.173,84.887,4.8,6.9,-30,D,226.1,389.5,-42,D,EXACT,1.0
3,JHARKHAND,DEOGHAR,24.329,86.739,0,7.3,-100,NR,167.2,430,-61,LD,EXACT,1.0
4,JHARKHAND,DHANBAD,23.827,86.471,8.7,8.4,3,N,346.1,442.4,-22,D,EXACT,1.0
5,JHARKHAND,DUMKA,24.319,87.266,2.1,7.1,-70,LD,417,457.1,-9,N,EXACT,1.0
6,JHARKHAND,EAST SINGHBHUM,22.583,86.451,10,10.4,-4,N,311.6,465.2,-33,D,EXACT,1.0
7,JHARKHAND,GARHWA,24.104,83.698,3.7,11.3,-68,LD,173,372.2,-54,D,EXACT,1.0
8,JHARKHAND,GIRIDIH,24.294,86.11,0.8,9.2,-91,LD,219.2,426.1,-49,D,EXACT,1.0
9,JHARKHAND,GODDA,24.859,87.308,8.3,7.2,15,N,207.8,395.6,-47,D,EXACT,1.0
10,JHARKHAND,GUMLA,23.103,84.532,0.8,8.8,-91,LD,321.4,460.9,-30,D,EXACT,1.0
11,JHARKHAND,HAZARIBAG,24.055,85.419,3.5,9.3,-62,LD,289.6,444.8,-35,D,EXACT,1.0
12,JHARKHAND,JAMTARA,23.976,86.907,0,6.1,-100,NR,352.2,469.9,-25,D,EXACT,1.0
13,JHARKHAND,KHUNTI,22.994,85.262,1.4,9,-84,LD,368.3,467.5,-21,D,EXACT,1.0
14,JHARKHAND,KODERMA,24.499,85.666,4.8,7.8,-38,D,180.9,379.7,-52,D,EXACT,1.0
15,JHARKHAND,LATEHAR,23.719,84.442,6.1,8.8,-31,D,310.6,437.4,-29,D,EXACT,1.0
16,JHARKHAND,LOHARDAGA,23.476,84.669,0,6.7,-100,NR,295.9,432.9,-32,D,EXACT,1.0
17,JHARKHAND,PAKUR,24.564,87.662,1.5,9.8,-85,LD,198.1,523.6,-62,LD,EXACT,1.0
18,JHARKHAND,PALAMU,24.203,84.167,3.2,6.1,-47,D,183.8,330.2,-44,D,EXACT,1.0
19,JHARKHAND,RAMGARH,23.635,85.563,0.9,9.5,-91,LD,289.8,437.5,-34,D,EXACT,1.0
20,JHARKHAND,RANCHI,23.329,85.373,3.3,6.5,-49,D,330.8,445.6,-26,D,EXACT,1.0
21,JHARKHAND,SAHIBGANJ,25.01,87.677,,9.5,,ND,2.1,528.9,-99,LD,EXACT,1.0
22,JHARKHAND,SERAIKELA-KHARSAWAN,22.848,85.95,0,11.2,-100,NR,418.7,429.9,-3,N,EXACT,1.0
23,JHARKHAND,SIMDEGA,22.582,84.564,10.9,13.2,-17,N,461.9,567,-19,N,EXACT,1.0
24,JHARKHAND,WEST SINGHBHUM,22.421,85.518,5.5,9.1,-40,D,355.3,420.1,-15,N,EXACT,1.0
1,BIHAR,ARARIA,26.198,87.362,2.1,11.2,-82,LD,515.3,652.8,-21,D,EXACT,1.0
2,BIHAR,ARWAL,25.163,84.677,13.2,7.2,83,LE,139.9,290.7,-52,D,EXACT,1.0
3,BIHAR,AURANGABAD,24.791,84.408,4.3,8.8,-51,D,215.2,355.5,-39,D,EXACT,1.0
4,BIHAR,BANKA,24.854,86.838,2.3,6.4,-64,LD,158,372.9,-58,D,EXACT,1.0
5,BIHAR,BEGUSARAI,25.497,86.13,3.8,6.7,-43,D,293,418.2,-30,D,EXACT,1.0
6,BIHAR,BHABUA,24.992,83.606,5,6.9,-28,D,154,328.5,-53,D,EXACT,1.0
7,BIHAR,BHAGALPUR,25.27,87.083,4,9.8,-59,D,185.7,423.9,-56,D,EXACT,1.0
8,BIHAR,BHOJPUR,25.474,84.54,10.9,8.8,24,E,194.5,358.4,-46,D,EXACT,1.0
9,BIHAR,BUXAR,25.487,84.094,16.4,4.7,250,LE,277.9,322.6,-14,N,EXACT,1.0
10,BIHAR,DARBHANGA,26.085,86.055,1.1,8.3,-86,LD,208.6,389.4,-46,D,EXACT,1.0
11,BIHAR,EAST CHAMPARAN,26.618,84.922,0,12.1,-99,LD,303.4,457.4,-34,D,EXACT,1.0
12,BIHAR,GAYA,24.697,84.934,27.3,8.4,225,LE,189.2,355.6,-47,D,EXACT,1.0
13,BIHAR,GOPALGANJ,26.444,84.374,3.6,8,-55,D,332.2,413.5,-20,D,EXACT,1.0
14,BIHAR,JAHANABAD,25.155,85.017,16.3,7.1,130,LE,125.3,354.4,-65,LD,EXACT,1.0
15,BIHAR,JAMUI,24.785,86.293,1.3,7.8,-83,LD,181.5,406.5,-55,D,EXACT,1.0
16,BIHAR,KATIHAR,25.55,87.64,2,10.8,-81,LD,313.8,499,-37,D,EXACT,1.0
17,BIHAR,KHAGARIA,25.511,86.601,2.4,7.9,-69,LD,347,432.5,-20,D,EXACT,1.0
18,BIHAR,KISHANGANJ,26.296,87.939,13.5,17.9,-25,D,713,839.2,-15,N,EXACT,1.0
19,BIHAR,LAKHISARAI,25.162,86.137,10,6.2,61,LE,351.2,378.9,-7,N,EXACT,1.0
20,BIHAR,MADHEPURA,25.822,86.898,2.1,10.1,-79,LD,299.6,465.7,-36,D,EXACT,1.0
21,BIHAR,MADHUBANI,26.402,86.222,5.3,12.7,-59,D,309.9,440.3,-30,D,EXACT,1.0
22,BIHAR,MUNGER,25.21,86.526,2.7,7.5,-65,LD,271.4,433.1,-37,D,EXACT,1.0
23,BIHAR,MUZAFFARPUR,26.152,85.329,1.3,8.8,-85,LD,210.1,420.4,-50,D,EXACT,1.0
24,BIHAR,NALANDA,25.219,85.448,16.5,9.9,66,LE,193.2,359.8,-46,D,EXACT,1.0
25,BIHAR,NAWADA,24.811,85.59,22.3,6.2,260,LE,199.7,354.2,-44,D,EXACT,1.0
26,BIHAR,PATNA,25.455,85.227,9.6,8.3,15,N,202.3,381.1,-47,D,EXACT,1.0
27,BIHAR,PURNEA,25.815,87.404,2.3,14.8,-85,LD,399.8,667.7,-40,D,EXACT,1.0
28,BIHAR,ROHTAS,24.98,84.026,3.3,7.3,-55,D,188.5,338.5,-44,D,EXACT,1.0
29,BIHAR,SAHARSA,25.814,86.591,0.1,10.3,-99,LD,230.4,492.9,-53,D,EXACT,1.0
30,BIHAR,SAMASTIPUR,25.774,85.865,3.7,6.3,-41,D,207.9,404.8,-49,D,EXACT,1.0
31,BIHAR,SARAN,25.904,84.826,2.2,8,-72,LD,220.3,377.6,-42,D,EXACT,1.0
32,BIHAR,SHEIKHPURA,25.126,85.839,1.1,7,-84,LD,212.1,364.1,-42,D,EXACT,1.0
33,BIHAR,SHEOHAR,26.498,85.301,0,14.7,-100,NR,245.9,470.4,-48,D,EXACT,1.0
34,BIHAR,SITAMARHI,26.585,85.552,2.1,11.6,-82,LD,195.5,467.1,-58,D,EXACT,1.0
35,BIHAR,SIWAN,26.162,84.386,0.6,9.1,-94,LD,408.5,375.8,9,N,EXACT,1.0
36,BIHAR,SUPAUL,26.245,86.808,0.1,12.3,-99,LD,457.6,517,-11,N,EXACT,1.0
37,BIHAR,VAISHALI,25.768,85.367,7.6,10.8,-30,D,261.4,387.2,-32,D,EXACT,1.0
38,BIHAR,WEST CHAMPARAN,27.081,84.338,1.2,14.7,-92,LD,409.8,530.9,-23,D,EXACT,1.0
1,UTTAR PRADESH,AGRA,27.036,78.076,6.4,5.9,8,N,209.2,194,8,N,EXACT,1.0
2,UTTAR PRADESH,ALIGARH,27.926,78.065,4.4,4.9,-10,N,130,210.7,-38,D,EXACT,1.0
3,UTTAR PRADESH,AMROHA,28.813,78.332,0,7.8,-100,NR,124,322.6,-62,LD,EXACT,1.0
4,UTTAR PRADESH,AURAIYA,26.658,79.479,19.3,6.3,206,LE,235.7,184.7,28,E,EXACT,1.0
5,UTTAR PRADESH,BADAUN,28.078,79.042,0,6.7,-100,NR,309.5,264,17,N,EXACT,1.0
6,UTTAR PRADESH,BAGHPAT,29.057,77.308,0,2.9,-100,NR,222,193.2,15,N,EXACT,1.0
7,UTTAR PRADESH,BAREILLY,28.458,79.431,0.2,7.7,-97,LD,282.1,311.5,-9,N,EXACT,1.0
8,UTTAR PRADESH,BIJNOR,29.386,78.389,0,7.8,-100,NR,340.3,356.3,-4,N,EXACT,1.0
9,UTTAR PRADESH,BULANDSHAHAR,28.363,78.015,2.5,2.9,-14,N,207.1,206,1,N,EXACT,1.0
10,UTTAR PRADESH,ETAH,27.516,78.717,2.1,4.6,-54,D,285.8,178.4,60,LE,EXACT,1.0
11,UTTAR PRADESH,ETAWAH,26.764,79.095,34.6,5.9,487,LE,223.1,196.3,14,N,EXACT,1.0
12,UTTAR PRADESH,FIROZABAD,27.187,78.526,8.4,9,-7,N,300.9,216.8,39,E,EXACT,1.0
13,UTTAR PRADESH,GAUTAM BUDDHA NAGAR,28.394,77.556,0,2.8,-100,NR,180.4,176.8,2,N,EXACT,1.0
14,UTTAR PRADESH,GHAZIABAD,28.768,77.476,0.8,2.8,-73,LD,69,177.6,-61,LD,EXACT,1.0
15,UTTAR PRADESH,HAMIRPUR,25.751,79.865,25.5,4.5,466,LE,302,249.7,21,E,EXACT,1.0
16,UTTAR PRADESH,HAPUR,28.722,77.893,0,3.8,-100,NR,175,249.5,-30,D,EXACT,1.0
17,UTTAR PRADESH,HATHRAS,27.582,78.164,2.3,3.6,-35,D,272.7,202.2,35,E,EXACT,1.0
18,UTTAR PRADESH,JALAUN,26.091,79.386,5.6,7.6,-27,D,166.9,226.4,-26,D,EXACT,1.0
19,UTTAR PRADESH,JHANSI,25.508,78.951,3.1,10.7,-71,LD,140.6,276.7,-49,D,EXACT,1.0
20,UTTAR PRADESH,KASGANJ,27.773,78.846,0.7,7.2,-91,LD,197,239.5,-18,N,EXACT,1.0
21,UTTAR PRADESH,LALITPUR,24.653,78.562,0.4,9.7,-96,LD,313.6,314.9,0,N,EXACT,1.0
22,UTTAR PRADESH,MAHOBA,25.363,79.726,8.8,4.6,90,LE,144,205.3,-30,D,EXACT,1.0
23,UTTAR PRADESH,MAINPURI,27.182,79.052,3.1,5.9,-47,D,111.4,244.9,-55,D,EXACT,1.0
24,UTTAR PRADESH,MATHURA,27.597,77.626,4,4.6,-13,N,145,188,-23,D,EXACT,1.0
25,UTTAR PRADESH,MEERUT,29.036,77.783,0,5.3,-100,NR,486.5,240.5,102,LE,EXACT,1.0
26,UTTAR PRADESH,MORADABAD,28.899,78.788,1.2,7.5,-84,LD,260,341.9,-24,D,EXACT,1.0
27,UTTAR PRADESH,MUZAFFARNAGAR,29.416,77.725,0,5.4,-100,NR,514.9,255.9,101,LE,EXACT,1.0
28,UTTAR PRADESH,PILIBHIT,28.531,79.995,0,6.3,-100,NR,102.5,352.9,-71,LD,EXACT,1.0
29,UTTAR PRADESH,RAMPUR,28.81,79.115,0,9.7,-100,NR,221.8,260.8,-15,N,EXACT,1.0
30,UTTAR PRADESH,SAHARANPUR,29.951,77.547,,8.2,,ND,228.4,310.8,-27,D,EXACT,1.0
31,UTTAR PRADESH,SAMBHAL,28.455,78.552,0.7,5.8,-89,LD,434,259.3,67,LE,EXACT,1.0
32,UTTAR PRADESH,SHAHJAHANPUR,27.951,79.822,0,9.8,-100,NR,299.7,317.9,-6,N,EXACT,1.0
33,UTTAR PRADESH,SHAMLI,29.5,77.282,0,6.7,-100,NR,76.4,218,-65,LD,EXACT,1.0
1,UTTAR PRADESH,AMBEDKAR NAGAR,26.419,82.666,2.8,6.3,-56,D,233.7,358.2,-35,D,EXACT,1.0
2,UTTAR PRADESH,AMETHI,26.288,81.64,14.2,6.9,105,LE,112.8,265.2,-57,D,EXACT,1.0
3,UTTAR PRADESH,AYODHYA,26.658,81.997,11.2,6.4,75,LE,254.4,349.3,-27,D,EXACT,1.0
4,UTTAR PRADESH,AZAMGARH,26.046,83.067,3.3,6.9,-53,D,237.3,344.2,-31,D,EXACT,1.0
5,UTTAR PRADESH,BAHRAICH,27.698,81.493,0,8.2,-100,NR,393.2,432.1,-9,N,EXACT,1.0
6,UTTAR PRADESH,BALLIA,25.876,84.103,1.5,5.6,-74,LD,330.9,312,6,N,EXACT,1.0
7,UTTAR PRADESH,BALRAMPUR,27.484,82.375,0,5.4,-100,NR,334,342,-2,N,EXACT,1.0
8,UTTAR PRADESH,BANDA,25.471,80.557,14.1,3.8,272,LE,251.6,281.4,-11,N,EXACT,1.0
9,UTTAR PRADESH,BARABANKI,26.939,81.332,15.4,10.2,51,E,321.5,327.3,-2,N,EXACT,1.0
10,UTTAR PRADESH,BASTI,26.82,82.626,0,5,-100,NR,252.2,360.6,-30,D,EXACT,1.0
11,UTTAR PRADESH,BHADOHI,25.348,82.464,,5.8,,ND,50.5,328.7,-85,LD,EXACT,1.0
12,UTTAR PRADESH,CHANDAULI,25.142,83.258,0.3,6.3,-96,LD,220.3,267.1,-18,N,EXACT,1.0
13,UTTAR PRADESH,CHITRAKOOT,25.206,81.078,37,5.5,573,LE,352.4,303.9,16,N,EXACT,1.0
14,UTTAR PRADESH,DEORIA,26.425,83.835,0,3.2,-100,NR,115,351.3,-67,LD,EXACT,1.0
15,UTTAR PRADESH,FARRUKHABAD,27.431,79.459,0.5,4.8,-90,LD,161.4,274.4,-41,D,EXACT,1.0
16,UTTAR PRADESH,FATEHPUR,25.875,80.808,0,6.1,-100,NR,107.5,252.2,-57,D,EXACT,1.0
17,UTTAR PRADESH,GHAZIPUR,25.624,83.556,2.5,6.5,-62,LD,185.4,300,-38,D,EXACT,1.0
18,UTTAR PRADESH,GONDA,27.083,82.025,4.8,6.8,-30,D,343.1,381.6,-10,N,EXACT,1.0
19,UTTAR PRADESH,GORAKHPUR,26.656,83.359,0,7.8,-100,NR,481.5,524.4,-8,N,EXACT,1.0
20,UTTAR PRADESH,HARDOI,27.33,80.162,5.2,7.1,-27,D,165.5,268.8,-38,D,EXACT,1.0
21,UTTAR PRADESH,JAUNPUR,25.746,82.575,7.2,5.1,41,E,85,282.2,-70,LD,EXACT,1.0
22,UTTAR PRADESH,KANNAUJ,27.014,79.689,2.8,6.8,-60,LD,198.1,233.8,-15,N,EXACT,1.0
23,UTTAR PRADESH,KANPUR CITY,26.391,80.208,7.2,4.6,57,E,253.8,241.8,5,N,EXACT,1.0
24,UTTAR PRADESH,KANPUR DEHAT,26.44,79.853,7.2,4.3,67,LE,59.8,193.4,-69,LD,EXACT,1.0
25,UTTAR PRADESH,KAUSHAMBI,25.498,81.415,,4.3,,ND,56.2,212.5,-74,LD,EXACT,1.0
26,UTTAR PRADESH,KHERI,28.121,80.667,0,7.1,-100,NR,381.1,397,-4,N,EXACT,1.0
27,UTTAR PRADESH,KUSHI NAGAR,26.863,83.934,0,7.5,-100,NR,139.3,330.5,-58,D,EXACT,1.0
28,UTTAR PRADESH,LUCKNOW,26.842,80.906,12.7,5.6,126,LE,171.8,261.4,-34,D,EXACT,1.0
29,UTTAR PRADESH,MAHARAJGANJ,27.201,83.531,5.3,6.2,-14,N,457.8,426.4,7,N,EXACT,1.0
30,UTTAR PRADESH,MAU,26.047,83.562,2,11.9,-83,LD,142,342.8,-59,D,EXACT,1.0
31,UTTAR PRADESH,MIRZAPUR,24.987,82.607,9.4,8.1,17,N,321.2,343.5,-6,N,EXACT,1.0
32,UTTAR PRADESH,PRATAPGARH,25.873,81.829,23,4.5,411,LE,219,287,-24,D,EXACT,1.0
33,UTTAR PRADESH,PRAYAGRAJ,25.304,81.96,9.5,5.9,60,LE,170.1,266.4,-36,D,EXACT,1.0
34,UTTAR PRADESH,RAE BAREILLY,26.226,81.135,19.9,3.1,542,LE,95.5,160.1,-40,D,EXACT,1.0
35,UTTAR PRADESH,SANT KABIR NAGAR,26.776,83.027,0.6,6.6,-92,LD,251.4,472.3,-47,D,EXACT,1.0
36,UTTAR PRADESH,SHRAWASTI,27.718,81.903,0,10.3,-100,NR,311.5,514.3,-39,D,EXACT,1.0
37,UTTAR PRADESH,SIDDHARTH NAGAR,27.27,82.873,0,6.6,-100,NR,325.9,479.2,-32,D,EXACT,1.0
38,UTTAR PRADESH,SITAPUR,27.517,80.852,2.4,8.9,-73,LD,168.7,343.5,-51,D,EXACT,1.0
39,UTTAR PRADESH,SONBHADRA,24.408,83.051,2.9,9,-68,LD,258.9,352.1,-26,D,EXACT,1.0
40,UTTAR PRADESH,SULTANPUR,26.243,82.225,7.4,5.4,36,E,283.9,329,-14,N,EXACT,1.0
41,UTTAR PRADESH,UNNAO,26.609,80.561,2,5.2,-62,LD,139.7,241.5,-42,D,EXACT,1.0
42,UTTAR PRADESH,VARANASI,25.388,82.914,1.6,4.7,-66,LD,150.9,306.2,-51,D,EXACT,1.0
1,UTTARAKHAND,ALMORA,29.691,79.504,5.9,9.2,-36,D,385.8,361,7,N,EXACT,1.0
2,UTTARAKHAND,BAGESHWAR,29.996,79.859,35.2,9.2,283,LE,804.4,361,123,LE,EXACT,1.0
3,UTTARAKHAND,CHAMOLI,30.494,79.577,27.8,8.5,227,LE,435.3,304.3,43,E,EXACT,1.0
4,UTTARAKHAND,CHAMPAWAT,29.281,80.069,2.3,10.9,-79,LD,393.2,589.1,-33,D,EXACT,1.0
5,UTTARAKHAND,DEHRADUN,30.472,77.968,12.9,15.7,-18,N,544.5,599.4,-9,N,EXACT,1.0
6,UTTARAKHAND,GARHWAL PAURI,29.88,78.764,6.7,11.8,-43,D,267.3,465.8,-43,D,EXACT,1.0
7,UTTARAKHAND,GARHWAL TEHRI,30.437,78.536,7.7,11.6,-34,D,515.2,368.5,40,E,EXACT,1.0
8,UTTARAKHAND,HARDWAR,29.881,77.996,2.1,9.2,-77,LD,415,386,8,N,EXACT,1.0
9,UTTARAKHAND,NAINITAL,29.317,79.463,5.1,13.1,-61,LD,474.3,727.3,-35,D,EXACT,1.0
10,UTTARAKHAND,PITHORAGARH,30.113,80.345,20.1,20.1,0,N,564.1,657.4,-14,N,EXACT,1.0
11,UTTARAKHAND,RUDRAPRAYAG,30.507,79.052,19.5,15.7,24,E,479.9,627.7,-24,D,EXACT,1.0
12,UTTARAKHAND,UDHAM SINGH NAGAR,29.042,79.471,0.8,7.6,-90,LD,477.8,464.3,3,N,EXACT,1.0
13,UTTARAKHAND,UTTARKASHI,30.973,78.607,18.7,11.3,66,LE,457.7,488.3,-6,N,EXACT,1.0
1,HARYANA,AMBALA,30.326,76.936,0.6,11.1,-95,LD,139.2,345.9,-60,LD,EXACT,1.0
2,HARYANA,BHIWANI,28.778,75.89,5,3,67,LE,107.8,122.6,-12,N,EXACT,1.0
3,HARYANA,CHARKHI DADRI,28.579,76.161,5.1,3.8,35,E,173.7,156.7,11,N,EXACT,1.0
4,HARYANA,FARIDABAD,28.348,77.347,0,3.3,-100,NR,270,185.5,46,E,EXACT,1.0
5,HARYANA,FATEHABAD,29.569,75.577,1.9,4,-54,D,90.1,111.3,-19,N,EXACT,1.0
6,HARYANA,GURGAON,28.369,76.94,3,4.2,-29,D,161.1,187.2,-14,N,EXACT,1.0
7,HARYANA,HISAR,29.212,75.822,0.3,3.9,-92,LD,85.2,128.8,-34,D,EXACT,1.0
8,HARYANA,JHAJJAR,28.605,76.652,1.9,2.2,-16,N,111.1,145.3,-24,D,EXACT,1.0
9,HARYANA,JIND,29.435,76.306,0.4,4,-91,LD,59.2,167.2,-65,LD,EXACT,1.0
10,HARYANA,KAITHAL,29.812,76.416,0,2.2,-100,NR,82.2,149.7,-45,D,EXACT,1.0
11,HARYANA,KARNAL,29.688,76.897,0,5.1,-100,NR,189.2,224.4,-16,N,EXACT,1.0
12,HARYANA,KURUKSHETRA,30.038,76.783,0,4.6,-100,NR,180.7,172.7,5,N,EXACT,1.0
13,HARYANA,MAHENDRAGARH,28.171,76.138,2.1,4.4,-51,D,179.7,173.2,4,N,EXACT,1.0
14,HARYANA,NUH,27.985,77.049,6.6,3,121,LE,118.4,163.3,-27,D,EXACT,1.0
15,HARYANA,PALWAL,28.06,77.332,0,1.8,-100,NR,168,136.5,23,E,EXACT,1.0
16,HARYANA,PANCHKULA,30.681,76.976,1.7,12.8,-87,LD,169,324.1,-48,D,EXACT,1.0
17,HARYANA,PANIPAT,29.334,76.927,0,3,-100,NR,113.4,171.3,-34,D,EXACT,1.0
18,HARYANA,REWARI,28.243,76.537,3.3,4.4,-24,D,172.4,169.9,1,N,EXACT,1.0
19,HARYANA,ROHTAK,28.911,76.53,0,3.2,-100,NR,62,182.1,-66,LD,EXACT,1.0
20,HARYANA,SIRSA,29.616,74.901,0.6,2.2,-75,LD,41.4,103.4,-60,LD,EXACT,1.0
21,HARYANA,SONEPAT,29.057,76.875,0.6,2.8,-80,LD,109.6,181.2,-39,D,EXACT,1.0
22,HARYANA,YAMUNA NAGAR,30.234,77.301,2.7,10.2,-74,LD,328.7,364.9,-10,N,EXACT,1.0
1,DELHI,CENTRAL DELHI,28.694,77.216,3.2,10,-68,LD,263.4,247.6,6,N,EXACT,1.0
2,DELHI,EAST DELHI,28.62,77.296,0,10,-100,NR,283.5,247.6,14,N,EXACT,1.0
3,DELHI,NEW DELHI,28.577,77.147,0.4,5.4,-92,LD,167.1,230.5,-28,D,EXACT,1.0
4,DELHI,NORTH DELHI,28.794,77.108,,4.4,,ND,,212.7,,ND,EXACT,1.0
5,DELHI,NORTH EAST DELHI,28.719,77.257,9.1,10,-9,N,275.6,247.6,11,N,EXACT,1.0
6,DELHI,NORTH WEST DELHI,28.727,77.042,0.5,1.9,-74,LD,100.8,163.5,-38,D,EXACT,1.0
7,DELHI,SOUTH DELHI,28.483,77.191,0,10,-100,NR,190.5,247.6,-23,D,EXACT,1.0
8,DELHI,SOUTH EAST DELHI,28.543,77.274,0.7,10,-94,LD,202.3,247.6,-18,N,EXACT,1.0
9,DELHI,SOUTH WEST DELHI,28.576,76.967,0.3,3.3,-92,LD,138.5,210.9,-34,D,EXACT,1.0
10,DELHI,WEST DELHI,28.656,77.065,0.8,5.3,-86,LD,217,234,-7,N,EXACT,1.0
1,CHANDIGARH,CHANDIGARH,30.729,76.781,0,7.7,-100,NR,247.5,359.6,-31,D,EXACT,1.0
1,PUNJAB,AMRITSAR,31.706,74.899,12.8,6.6,93,LE,226.1,176.9,28,E,EXACT,1.0
2,PUNJAB,BARNALA,30.388,75.499,1.5,3.5,-59,D,45.4,151.2,-70,LD,EXACT,1.0
3,PUNJAB,BHATINDA,30.184,75.039,1.9,4.7,-60,LD,50.9,128.6,-60,LD,EXACT,1.0
4,PUNJAB,FARIDKOT,30.613,74.779,15.6,1.4,1014,LE,163,134.7,21,E,EXACT,1.0
5,PUNJAB,FATEHGARH SAHIB,30.642,76.376,0.1,7.8,-98,LD,63.2,202.9,-69,LD,EXACT,1.0
6,PUNJAB,FAZILKA,30.278,74.165,1.8,8.4,-78,LD,63.7,113.4,-44,D,EXACT,1.0
7,PUNJAB,FEROZEPUR,30.914,74.704,5.3,5.3,0,N,102,110.5,-8,N,EXACT,1.0
8,PUNJAB,GURDASPUR,31.917,75.291,23.8,3.9,511,LE,373,247.8,51,E,EXACT,1.0
9,PUNJAB,HOSHIARPUR,31.625,75.858,8.9,8.9,0,N,63.5,247.6,-74,LD,EXACT,1.0
10,PUNJAB,JALANDHAR,31.213,75.566,2.4,5.9,-59,D,151.6,214.7,-29,D,EXACT,1.0
11,PUNJAB,KAPURTHALA,31.354,75.4,13.5,6.1,121,LE,101,181.9,-44,D,EXACT,1.0
12,PUNJAB,LUDHIANA,30.805,75.833,0.2,6.3,-97,LD,136.7,190,-28,D,EXACT,1.0
13,PUNJAB,MANSA,29.909,75.437,0,3.7,-100,NR,33,113.9,-71,LD,EXACT,1.0
14,PUNJAB,MOGA,30.763,75.172,8,5,60,LE,92.7,116.4,-20,D,EXACT,1.0
15,PUNJAB,MUKTSAR,30.3,74.538,7.8,1.6,387,LE,62.8,153.2,-59,D,EXACT,1.0
16,PUNJAB,PATHANKOT,32.297,75.616,34,9.7,251,LE,505.1,351.8,44,E,EXACT,1.0
17,PUNJAB,PATIALA,30.283,76.351,0.8,6.3,-87,LD,105.9,212.8,-50,D,EXACT,1.0
18,PUNJAB,RUPNAGAR,31.062,76.488,13.6,6,127,LE,151.2,317.2,-52,D,EXACT,1.0
19,PUNJAB,SANGRUR,30.211,75.869,0,4.8,-100,NR,75,152.3,-51,D,EXACT,1.0
20,PUNJAB,SAS NAGAR (MOHALI),30.682,76.739,0,5.7,-100,NR,116.2,263.6,-56,D,EXACT,1.0
21,PUNJAB,SBS NAGAR,31.11,76.154,2.5,7.5,-67,LD,154.7,332.3,-53,D,EXACT,1.0
22,PUNJAB,TARN TARAN,31.337,74.841,0.9,2.9,-70,LD,92,107,-14,N,EXACT,1.0
1,HIMACHAL PRADESH,BILASPUR,31.371,76.67,24.9,7.6,228,LE,286.4,302.1,-5,N,EXACT,1.0
2,HIMACHAL PRADESH,CHAMBA,32.675,76.351,30.1,11.3,167,LE,365.3,357.8,2,N,EXACT,1.0
3,HIMACHAL PRADESH,HAMIRPUR,31.667,76.525,13.9,7.3,90,LE,213.6,348.3,-39,D,EXACT,1.0
4,HIMACHAL PRADESH,KANGRA,32.108,76.316,21.8,21,4,N,491.2,614.9,-20,D,EXACT,1.0
5,HIMACHAL PRADESH,KINNAUR,31.599,78.405,7.9,1.9,316,LE,128.4,92.9,38,E,EXACT,1.0
6,HIMACHAL PRADESH,KULLU,31.903,77.399,8.6,5.9,46,E,218.9,224.3,-2,N,EXACT,1.0
7,HIMACHAL PRADESH,LAHAUL & SPITI,32.48,77.618,3,4.8,-38,D,79.7,147.8,-46,D,EXACT,1.0
8,HIMACHAL PRADESH,MANDI,31.637,76.991,10,14.3,-30,D,353.4,456.8,-23,D,EXACT,1.0
9,HIMACHAL PRADESH,SHIMLA,31.197,77.632,13.9,7.4,87,LE,369.1,270.7,36,E,EXACT,1.0
10,HIMACHAL PRADESH,SIRMAUR,30.667,77.431,7.5,11.9,-37,D,540.3,504.6,7,N,EXACT,1.0
11,HIMACHAL PRADESH,SOLAN,31.045,76.91,9.3,8.7,7,N,447.2,370.8,21,E,EXACT,1.0
12,HIMACHAL PRADESH,UNA,31.579,76.21,42.3,8.8,380,LE,343.9,352.8,-3,N,EXACT,1.0
1,JAMMU & KASHMIR,ANANTNAG,33.827,75.321,20.7,3.7,460,LE,185.8,138.7,34,E,EXACT,1.0
2,JAMMU & KASHMIR,BADGAM,33.925,74.64,0.9,6.3,-86,LD,62.7,87.1,-28,D,EXACT,1.0
3,JAMMU & KASHMIR,BANDIPORA,34.491,74.875,0.8,3.8,-80,LD,93.2,94,-1,N,EXACT,1.0
4,JAMMU & KASHMIR,BARAMULA,34.165,74.309,5.3,3.1,71,LE,190.9,97.5,96,LE,EXACT,1.0
5,JAMMU & KASHMIR,DODA,33.09,75.707,34.9,5.9,491,LE,195,181.9,7,N,EXACT,1.0
6,JAMMU & KASHMIR,GANDERBAL,34.282,75.025,9.8,2.9,237,LE,203.4,126.4,61,LE,EXACT,1.0
7,JAMMU & KASHMIR,JAMMU,32.798,74.749,24.7,14.9,66,LE,383.5,336.8,14,N,EXACT,1.0
8,JAMMU & KASHMIR,KATHUA,32.577,75.589,36.1,16.8,115,LE,416.1,479,-13,N,EXACT,1.0
9,JAMMU & KASHMIR,KISTWAR,33.553,75.966,18,5.9,205,LE,129.5,181.9,-29,D,EXACT,1.0
10,JAMMU & KASHMIR,KULGAM,33.603,74.843,40.2,2.9,1286,LE,154.5,142.5,8,N,EXACT,1.0
11,JAMMU & KASHMIR,KUPWARA,34.523,74.204,3.1,6.1,-50,D,146.2,115.7,26,E,EXACT,1.0
12,JAMMU & KASHMIR,POONCH,33.803,74.014,5.8,10,-43,D,490,287.3,71,LE,EXACT,1.0
13,JAMMU & KASHMIR,PULWAMA,33.94,75.017,6.9,0.9,667,LE,118.5,76.5,55,E,EXACT,1.0
14,JAMMU & KASHMIR,RAJOURI,33.273,74.38,0,4.8,-100,NR,424,255,66,LE,EXACT,1.0
15,JAMMU & KASHMIR,RAMBAN,33.323,75.195,64,4.1,1461,LE,313.9,175.7,79,LE,EXACT,1.0
16,JAMMU & KASHMIR,REASI,33.229,74.841,36.3,24.3,49,E,604.3,517.2,17,N,EXACT,1.0
17,JAMMU & KASHMIR,SAMBA,32.578,75.094,,13.5,,ND,506,259.6,95,LE,EXACT,1.0
18,JAMMU & KASHMIR,SHOPIAN,33.733,74.818,7,3.4,106,LE,58.1,107,-46,D,EXACT,1.0
19,JAMMU & KASHMIR,SRINAGAR,34.116,74.927,0.7,3.2,-78,LD,126.4,100.9,25,E,EXACT,1.0
20,JAMMU & KASHMIR,UDHAMPUR,32.894,75.303,96.5,11.7,725,LE,761.3,364.3,109,LE,EXACT,1.0
1,LADAKH,KARGIL,33.886,76.508,2.7,0,26900,LE,9.5,5.2,68,LE,EXACT,1.0
2,LADAKH,LADAKH (LEH),35.036,76.806,2.8,0.1,2733,LE,35.2,11.6,199,LE,EXACT,1.0
1,RAJASTHAN,AJMER,26.233,74.772,10.2,6.4,60,LE,183.8,180.5,2,N,EXACT,1.0
2,RAJASTHAN,ALWAR,27.591,76.601,6.8,5.3,28,E,186.2,215.3,-14,N,EXACT,1.0
3,RAJASTHAN,BANSWARA,23.478,74.365,3.4,13.6,-75,LD,167.5,309.1,-46,D,EXACT,1.0
4,RAJASTHAN,BARAN,24.995,76.748,8,12.9,-38,D,294.4,334.1,-12,N,EXACT,1.0
5,RAJASTHAN,BHARATPUR,27.248,77.276,1.1,4.5,-76,LD,221.9,209.2,6,N,EXACT,1.0
6,RAJASTHAN,BHILWARA,25.481,74.727,11.4,10.2,12,N,217.2,231.2,-6,N,EXACT,1.0
7,RAJASTHAN,BUNDI,25.488,75.792,10.7,12.6,-15,N,200.4,259.9,-23,D,EXACT,1.0
8,RAJASTHAN,CHITTORGARH,24.822,74.774,26.5,10.5,153,LE,251.9,258.6,-3,N,EXACT,1.0
9,RAJASTHAN,DAUSA,26.858,76.51,5,7.5,-33,D,210.6,242.2,-13,N,EXACT,1.0
10,RAJASTHAN,DHOLPUR,26.681,77.702,1.5,7.9,-81,LD,202.7,223.7,-9,N,EXACT,1.0
11,RAJASTHAN,DUNGARPUR,23.731,73.854,12.7,9.5,33,E,185.3,259.3,-29,D,EXACT,1.0
12,RAJASTHAN,JAIPUR,26.977,75.719,8.3,6.7,24,E,169.5,221.4,-23,D,EXACT,1.0
13,RAJASTHAN,JHALAWAR,24.336,76.194,9.2,15.8,-42,D,269.2,329.6,-18,N,EXACT,1.0
14,RAJASTHAN,JHUNJHUNU,28.092,75.55,4,3.9,3,N,228.8,184.1,24,E,EXACT,1.0
15,RAJASTHAN,KARAULI,26.523,76.958,1.8,7.7,-76,LD,150.2,231.3,-35,D,EXACT,1.0
16,RAJASTHAN,KOTA,25.109,76.104,10.2,13.3,-23,D,211.5,291,-27,D,EXACT,1.0
17,RAJASTHAN,PRATAPGARH,24.03,74.651,13.2,12.1,9,N,339,311.5,9,N,EXACT,1.0
18,RAJASTHAN,RAJSAMAND,25.228,73.891,33.9,7.9,329,LE,218.9,208.4,5,N,EXACT,1.0
19,RAJASTHAN,SAWAI MADHOPUR,26.218,76.461,8.6,10,-14,N,153.1,265.3,-42,D,EXACT,1.0
20,RAJASTHAN,SIKAR,27.634,75.288,0.5,5.4,-91,LD,209.3,190.9,10,N,EXACT,1.0
21,RAJASTHAN,SIROHI,24.762,72.777,6.7,18.4,-63,LD,142.9,307.1,-53,D,EXACT,1.0
22,RAJASTHAN,TONK,26.148,75.666,4.7,9.7,-52,D,216.1,224.3,-4,N,EXACT,1.0
23,RAJASTHAN,UDAIPUR,24.419,73.689,39.2,9.9,296,LE,188.3,231.5,-19,N,EXACT,1.0
1,RAJASTHAN,BARMER,25.735,71.475,25.4,4.5,464,LE,92.2,103,-10,N,EXACT,1.0
2,RAJASTHAN,BIKANER,28.178,73.174,8,5.1,57,E,128,116.7,10,N,EXACT,1.0
3,RAJASTHAN,CHURU,28.345,74.696,0.9,4.2,-80,LD,160.1,158.6,1,N,EXACT,1.0
4,RAJASTHAN,HANUMANGARH,29.266,74.561,3.4,2.6,32,E,87.4,123.2,-29,D,EXACT,1.0
5,RAJASTHAN,JAISALMER,27.075,70.901,2.3,2.6,-13,N,37.7,69.6,-46,D,EXACT,1.0
6,RAJASTHAN,JALORE,25.099,72.212,20.8,6.5,219,LE,79.9,153.2,-48,D,EXACT,1.0
7,RAJASTHAN,JODHPUR,26.748,72.785,12.6,3.9,223,LE,105.2,116.6,-10,N,EXACT,1.0
8,RAJASTHAN,NAGAUR,27.066,74.175,5.1,3.8,34,E,135.6,169.9,-20,D,EXACT,1.0
9,RAJASTHAN,PALI,25.707,73.519,9.9,9.7,2,N,114.5,186.3,-39,D,EXACT,1.0
10,RAJASTHAN,SRI GANGANAGAR,29.397,73.571,4.1,3.2,28,E,98.6,93.1,6,N,EXACT,1.0
1,MADHYA PRADESH,AGAR-MALWA,23.815,76.089,1.4,19.3,-93,LD,357.6,329.3,9,N,EXACT,1.0
2,MADHYA PRADESH,ALIRAJPUR,22.315,74.364,30.2,9,236,LE,111.8,324.6,-66,LD,EXACT,1.0
3,MADHYA PRADESH,ASHOKNAGAR,24.609,77.875,7.8,10.3,-25,D,305.5,344.1,-11,N,EXACT,1.0
4,MADHYA PRADESH,BARWANI,21.788,75.021,6.6,10.4,-37,D,228.4,265.7,-14,N,EXACT,1.0
5,MADHYA PRADESH,BETUL,21.879,77.871,0.6,11.8,-95,LD,336.7,413.9,-19,N,EXACT,1.0
6,MADHYA PRADESH,BHIND,26.422,78.721,4.7,6.2,-24,D,280.1,230.2,22,E,EXACT,1.0
7,MADHYA PRADESH,BHOPAL,23.47,77.391,4.7,11.4,-59,D,445.3,385.2,16,N,EXACT,1.0
8,MADHYA PRADESH,BURHANPUR,21.37,76.369,1,7.8,-87,LD,342.1,297.6,15,N,EXACT,1.0
9,MADHYA PRADESH,DATIA,25.801,78.597,2.5,8.9,-72,LD,162,271.3,-40,D,EXACT,1.0
10,MADHYA PRADESH,DEWAS,22.744,76.457,4.2,14.5,-71,LD,491.2,344.5,43,E,EXACT,1.0
11,MADHYA PRADESH,DHAR,22.498,75.104,8.5,12.8,-34,D,206.8,308.5,-33,D,EXACT,1.0
12,MADHYA PRADESH,GUNA,24.556,77.199,4.1,13.2,-69,LD,390.7,375.8,4,N,EXACT,1.0
13,MADHYA PRADESH,GWALIOR,26.04,78.146,36.5,7,422,LE,250.2,247.7,1,N,EXACT,1.0
14,MADHYA PRADESH,HARDA,22.233,77.123,0,14.7,-100,NR,375.7,418.3,-10,N,EXACT,1.0
15,MADHYA PRADESH,INDORE,22.713,75.782,7.9,13.9,-43,D,381.8,323.7,18,N,EXACT,1.0
16,MADHYA PRADESH,JHABUA,22.892,74.672,16,10.9,47,E,208.5,330.1,-37,D,EXACT,1.0
17,MADHYA PRADESH,KHANDWA,21.935,76.568,0,11.1,-100,NR,306.6,318.9,-4,N,EXACT,1.0
18,MADHYA PRADESH,KHARGONE,21.919,75.771,1,8.4,-88,LD,277,288.5,-4,N,EXACT,1.0
19,MADHYA PRADESH,MANDSAUR,24.204,75.405,20.8,12.5,66,LE,337.4,299,13,N,EXACT,1.0
20,MADHYA PRADESH,MORENA,26.413,77.868,0,9.2,-100,NR,143.3,242,-41,D,EXACT,1.0
21,MADHYA PRADESH,NARMADAPURAM,22.745,77.736,0.7,16,-96,LD,311.5,487.3,-36,D,EXACT,1.0
22,MADHYA PRADESH,NEEMUCH,24.592,75.142,5.4,9.4,-43,D,280.9,268.6,5,N,EXACT,1.0
23,MADHYA PRADESH,RAISEN,23.22,78.121,0.4,14.2,-97,LD,409.6,428.3,-4,N,EXACT,1.0
24,MADHYA PRADESH,RAJGARH,23.861,76.732,2.4,13.8,-83,LD,397.3,341.9,16,N,EXACT,1.0
25,MADHYA PRADESH,RATLAM,23.502,75.089,7.6,18.8,-59,D,277.8,316,-12,N,EXACT,1.0
26,MADHYA PRADESH,SEHORE,22.988,77.127,0.4,16.6,-97,LD,466.4,405.6,15,N,EXACT,1.0
27,MADHYA PRADESH,SHAJAPUR,23.366,76.575,1.3,16,-92,LD,300.1,339,-11,N,EXACT,1.0
28,MADHYA PRADESH,SHEOPUR,25.754,77.007,22,7.5,193,LE,234.8,258.4,-9,N,EXACT,1.0
29,MADHYA PRADESH,SHIVPURI,25.366,77.805,18.5,9.7,90,LE,228.3,317.4,-28,D,EXACT,1.0
30,MADHYA PRADESH,UJJAIN,23.331,75.669,8.8,13.6,-35,D,329.3,331.1,-1,N,EXACT,1.0
31,MADHYA PRADESH,VIDISHA,23.892,77.813,3.6,14.4,-75,LD,360,413,-13,N,EXACT,1.0
1,MADHYA PRADESH,ANUPPUR,23.057,81.682,1.2,12.8,-91,LD,381.3,424.3,-10,N,EXACT,1.0
2,MADHYA PRADESH,BALAGHAT,21.881,80.359,2.6,14,-81,LD,453.9,522.8,-13,N,EXACT,1.0
3,MADHYA PRADESH,CHHATARPUR,24.798,79.666,4,8.7,-54,D,313.2,335.9,-7,N,EXACT,1.0
4,MADHYA PRADESH,CHHINDWARA,22.122,78.854,0.3,15.1,-98,LD,388.1,426.9,-9,N,EXACT,1.0
5,MADHYA PRADESH,DAMOH,23.812,79.527,1,7,-86,LD,425.1,418.3,2,N,EXACT,1.0
6,MADHYA PRADESH,DINDORI,22.89,81.051,1.6,10.8,-85,LD,441.2,492.8,-10,N,EXACT,1.0
7,MADHYA PRADESH,JABALPUR,23.234,79.976,2.9,8.8,-67,LD,345,426.1,-19,N,EXACT,1.0
8,MADHYA PRADESH,KATNI,23.753,80.403,0.8,7.3,-89,LD,319.8,372.3,-14,N,EXACT,1.0
9,MADHYA PRADESH,MANDLA,22.639,80.512,0.2,14.8,-99,LD,341,489.6,-30,D,EXACT,1.0
10,MADHYA PRADESH,NARSINGHPUR,22.936,79.088,2,9.6,-79,LD,310.8,404.6,-23,D,EXACT,1.0
11,MADHYA PRADESH,NIWARI,25.285,78.749,0,4.9,-100,NR,294,280.4,5,N,EXACT,1.0
12,MADHYA PRADESH,PANNA,24.419,80.189,2.3,8.4,-73,LD,346.8,409.3,-15,N,EXACT,1.0
13,MADHYA PRADESH,REWA,24.755,81.587,1.2,8.7,-86,LD,149.9,367.4,-59,D,EXACT,1.0
14,MADHYA PRADESH,SAGAR,23.85,78.76,7.4,11.8,-37,D,332.2,437.4,-24,D,EXACT,1.0
15,MADHYA PRADESH,SATNA,24.531,80.831,2.5,7.3,-66,LD,334,368.5,-9,N,EXACT,1.0
16,MADHYA PRADESH,SEONI,22.317,79.689,3.3,9.6,-65,LD,475.9,452.1,5,N,EXACT,1.0
17,MADHYA PRADESH,SHAHDOL,23.629,81.474,2.9,12.8,-78,LD,321.1,375.1,-14,N,EXACT,1.0
18,MADHYA PRADESH,SIDHI,24.221,81.834,2.2,9.9,-78,LD,299,402.8,-26,D,EXACT,1.0
19,MADHYA PRADESH,SINGRAULI,24.215,82.419,8.9,15.1,-41,D,252.2,426.9,-41,D,EXACT,1.0
20,MADHYA PRADESH,TIKAMGARH,24.883,79.016,23.6,7.8,203,LE,308.4,373.3,-17,N,EXACT,1.0
21,MADHYA PRADESH,UMARIA,23.562,80.974,1.7,6.8,-75,LD,364.3,392.1,-7,N,EXACT,1.0
22,MADHYA PRADESH,MAIHAR,24.265,80.76,2.3,10.3,-77,LD,247.5,378.4,-35,D,EXACT,1.0
23,MADHYA PRADESH,MAUGANJ,24.667,81.88,0,7.3,-100,NR,361.2,358.7,1,N,EXACT,1.0
24,MADHYA PRADESH,PANDHURNA,21.6,78.52,7.5,8.9,-16,N,408.8,345.2,18,N,EXACT,1.0
1,GUJARAT,AHMEDABAD,22.785,72.246,239.8,8,2897,LE,372.3,272,37,E,EXACT,1.0
2,GUJARAT,ANAND,22.46,72.787,231.3,12.3,1781,LE,365.9,330.4,11,N,EXACT,1.0
3,GUJARAT,ARAVALLI,23.468,73.328,5.7,10.5,-46,D,152.1,314.1,-52,D,EXACT,1.0
4,GUJARAT,BANASKANTHA,24.287,72.026,48.1,11,337,LE,117,221.3,-47,D,EXACT,1.0
5,GUJARAT,BHARUCH,21.787,72.933,97.3,10.2,854,LE,449.1,328.9,37,E,EXACT,1.0
6,GUJARAT,CHHOTA UDEPUR,22.219,73.873,43,10.4,314,LE,223.3,384.3,-42,D,EXACT,1.0
7,GUJARAT,DAHOD,22.862,74.113,25.1,8.1,210,LE,141.3,283,-50,D,EXACT,1.0
8,GUJARAT,DANGS,20.804,73.701,246.4,32.5,658,LE,1564.5,939,67,LE,EXACT,1.0
9,GUJARAT,GANDHINAGAR,23.255,72.695,122.3,8.9,1274,LE,256.5,292.3,-12,N,EXACT,1.0
10,GUJARAT,KHEDA,22.837,72.952,243.3,13.1,1757,LE,419.3,313.1,34,E,EXACT,1.0
11,GUJARAT,MAHISAGAR,23.188,73.647,43.3,10.7,305,LE,303.5,294,3,N,EXACT,1.0
12,GUJARAT,MEHSANA,23.611,72.466,84.7,8.9,852,LE,235.2,270.1,-13,N,EXACT,1.0
13,GUJARAT,NARMADA,21.737,73.645,61.6,14.7,319,LE,401.1,416,-4,N,EXACT,1.0
14,GUJARAT,NAVSARI,20.816,73.092,245.4,23,967,LE,1746.6,864.7,102,LE,EXACT,1.0
15,GUJARAT,PANCHMAHAL,22.72,73.626,64.7,12.3,426,LE,370.3,342.1,8,N,EXACT,1.0
16,GUJARAT,PATAN,23.77,71.758,45,9.1,394,LE,167.7,202.7,-17,N,EXACT,1.0
17,GUJARAT,SABARKANTHA,23.807,73.033,52.1,9.4,455,LE,181.7,322.1,-44,D,EXACT,1.0
18,GUJARAT,SURAT,21.267,73.075,113.8,15.7,625,LE,1083.1,623,74,LE,EXACT,1.0
19,GUJARAT,TAPI,21.191,73.627,136.1,22.2,513,LE,921.1,617.9,49,E,EXACT,1.0
20,GUJARAT,VADODARA,22.248,73.242,100.9,11.2,801,LE,297.2,363.9,-18,N,EXACT,1.0
21,GUJARAT,VALSAD,20.418,73.119,204.1,26.2,679,LE,2114.9,1001.4,111,LE,EXACT,1.0
1,DADRA & NAGAR HAVELI AND DAMAN & DIU (UT),DADARA & NAGAR HAVELI,20.194,73.071,219.3,38.4,471,LE,2269.4,1121.2,102,LE,EXACT,1.0
2,DADRA & NAGAR HAVELI AND DAMAN & DIU (UT),DAMAN,20.414,72.859,152.8,38.4,298,LE,2323.6,1121.2,107,LE,EXACT,1.0
1,GUJARAT,AMRELI,21.425,71.249,64,5.4,1086,LE,394.6,285.6,38,E,EXACT,1.0
2,GUJARAT,BHAVNAGAR,21.585,71.913,49.1,5.5,793,LE,316.3,266.9,19,N,EXACT,1.0
3,GUJARAT,BOTAD,22.117,71.699,85.8,4.8,1688,LE,270.2,241.4,12,N,EXACT,1.0
4,GUJARAT,DEVBHOOMI DWARKA,22.124,69.464,7,7.2,-3,N,20.4,272.1,-93,LD,EXACT,1.0
5,GUJARAT,GIR SOMNATH,20.966,70.776,3.8,12,-68,LD,438.5,477.7,-8,N,EXACT,1.0
6,GUJARAT,JAMNAGAR,22.333,70.207,53.5,7.9,577,LE,135.5,290.1,-53,D,EXACT,1.0
7,GUJARAT,JUNAGADH,21.372,70.412,20.7,9.2,125,LE,528.1,457.6,15,N,EXACT,1.0
8,GUJARAT,KUTCH,23.646,69.908,15.2,6.7,126,LE,36.2,158.4,-77,LD,EXACT,1.0
9,GUJARAT,MORBI,22.83,70.917,60.4,7.7,684,LE,162.8,243.6,-33,D,EXACT,1.0
10,GUJARAT,PORBANDAR,21.655,69.777,9.3,10.1,-8,N,134.6,352.9,-62,LD,EXACT,1.0
11,GUJARAT,RAJKOT,22.021,70.744,87.1,6.2,1305,LE,250.2,294.6,-15,N,EXACT,1.0
12,GUJARAT,SURENDRANAGAR,22.764,71.593,97.2,7.7,1162,LE,243,227.9,7,N,EXACT,1.0
1,DADRA & NAGAR HAVELI AND DAMAN & DIU (UT),DIU,20.72,70.938,9,7.7,17,N,603.6,436.1,38,E,EXACT,1.0
1,MAHARASHTRA,MUMBAI CITY,18.961,72.852,54.8,24.7,122,LE,1556.4,1125.9,38,E,EXACT,1.0
2,MAHARASHTRA,MUMBAI SUBURBAN,19.132,72.885,21.2,26.6,-20,D,1872.9,1209,55,E,EXACT,1.0
3,MAHARASHTRA,PALGHAR,19.794,73.019,145.5,30.9,371,LE,1977.2,1105.8,79,LE,EXACT,1.0
4,MAHARASHTRA,RAIGAD,18.52,73.218,66.5,36.1,84,LE,1938.2,1553.9,25,E,EXACT,1.0
5,MAHARASHTRA,RATNAGIRI,17.273,73.455,34.2,42,-19,N,1640.9,1723.3,-5,N,EXACT,1.0
6,MAHARASHTRA,SINDHUDURG,16.133,73.739,9.1,35.7,-74,LD,1061.9,1696.5,-37,D,EXACT,1.0
7,MAHARASHTRA,THANE,19.361,73.321,50.1,30.7,63,LE,1424.2,1193.8,19,N,EXACT,1.0
1,GOA,NORTH GOA,15.581,73.973,6.7,35.5,-81,LD,964.6,1766.7,-45,D,EXACT,1.0
2,GOA,SOUTH GOA,15.222,74.107,15,37.2,-60,LD,1212,1707.7,-29,D,EXACT,1.0
1,MAHARASHTRA,AHMEDNAGAR,19.205,74.675,13,5.1,156,LE,173.3,185.3,-6,N,EXACT,1.0
2,MAHARASHTRA,DHULE,21.11,74.6,24.7,7.6,226,LE,217.2,246.2,-12,N,EXACT,1.0
3,MAHARASHTRA,JALGAON,20.934,75.487,7.5,7.3,3,N,219.1,260.2,-16,N,EXACT,1.0
4,MAHARASHTRA,KOLHAPUR,16.47,74.159,15.5,23.6,-34,D,829.2,876.4,-5,N,EXACT,1.0
5,MAHARASHTRA,NANDURBAR,21.55,74.216,29.6,10.5,182,LE,144.6,359.8,-60,LD,EXACT,1.0
6,MAHARASHTRA,NASHIK,20.26,74.071,106.6,10.6,906,LE,719.2,381.4,89,LE,EXACT,1.0
7,MAHARASHTRA,PUNE,18.571,74.068,25.1,11.4,121,LE,682.6,420.1,62,LE,EXACT,1.0
8,MAHARASHTRA,SANGLI,17.114,74.768,2.2,4.7,-54,D,212.4,215.3,-1,N,EXACT,1.0
9,MAHARASHTRA,SATARA,17.67,74.172,16.7,9,85,LE,553.8,400.7,38,E,EXACT,1.0
10,MAHARASHTRA,SHOLAPUR,17.791,75.483,0,5,-100,NR,118.1,166.8,-29,D,EXACT,1.0
1,MAHARASHTRA,BEED,18.946,75.838,0.4,9.4,-96,LD,127.5,223.6,-43,D,EXACT,1.0
2,MAHARASHTRA,CHHATRAPATI SAMBHAJINAGAR,20.029,75.281,13.7,7,96,LE,262.1,228.4,15,N,EXACT,1.0
3,MAHARASHTRA,DHARASHIV,18.188,76.038,0.3,6.3,-96,LD,177,219.4,-19,N,EXACT,1.0
4,MAHARASHTRA,HINGOLI,19.62,77.101,0.8,10.4,-93,LD,159.2,345.6,-54,D,EXACT,1.0
5,MAHARASHTRA,JALNA,19.808,75.981,3.3,7.8,-58,D,149.7,249.8,-40,D,EXACT,1.0
6,MAHARASHTRA,LATUR,18.374,76.76,0,8.6,-100,NR,155.3,266,-42,D,EXACT,1.0
7,MAHARASHTRA,NANDED,19.112,77.618,0.1,11.1,-99,LD,193.6,325.9,-41,D,EXACT,1.0
8,MAHARASHTRA,PARBHANI,19.271,76.678,0,6.9,-100,NR,176.2,280.2,-37,D,EXACT,1.0
1,MAHARASHTRA,AKOLA,20.748,77.055,0.8,8.8,-91,LD,212.6,316.4,-33,D,EXACT,1.0
2,MAHARASHTRA,AMRAOTI,21.187,77.57,1.9,11.1,-83,LD,245.2,353.1,-31,D,EXACT,1.0
3,MAHARASHTRA,BHANDARA,21.122,79.759,6.5,11.6,-44,D,411.7,473.2,-13,N,EXACT,1.0
4,MAHARASHTRA,BULDHANA,20.511,76.407,1.9,7.7,-76,LD,233.3,284.3,-18,N,EXACT,1.0
5,MAHARASHTRA,CHANDRAPUR,20.118,79.44,0.6,11.1,-94,LD,327.9,475.1,-31,D,EXACT,1.0
6,MAHARASHTRA,GADCHIROLI,19.788,80.241,1.1,12.1,-91,LD,354.9,558.4,-36,D,EXACT,1.0
7,MAHARASHTRA,GONDIA,21.159,80.212,5.3,14.3,-63,LD,566.3,533.5,6,N,EXACT,1.0
8,MAHARASHTRA,NAGPUR,21.178,79.085,4,10.8,-63,LD,326.3,422.6,-23,D,EXACT,1.0
9,MAHARASHTRA,WARDHA,20.797,78.586,2,9.3,-78,LD,316.2,380.4,-17,N,EXACT,1.0
10,MAHARASHTRA,WASHIM,20.234,77.217,0,8.4,-99,LD,225.4,365.1,-38,D,EXACT,1.0
11,MAHARASHTRA,YEOTMAL,20.083,78.161,0.4,10,-96,LD,295,379.7,-22,D,EXACT,1.0
1,CHHATTISGARH,BALOD,20.742,81.188,2.2,11.2,-80,LD,437.5,432.8,1,N,EXACT,1.0
2,CHHATTISGARH,BALODA BAZAR,21.582,82.327,1,9,-89,LD,500.6,402,25,E,EXACT,1.0
3,CHHATTISGARH,BALRAMPUR,23.593,83.501,3.4,10.1,-66,LD,422,385.3,10,N,EXACT,1.0
4,CHHATTISGARH,BASTAR,19.082,81.868,1.8,10.9,-84,LD,316.9,517,-39,D,EXACT,1.0
5,CHHATTISGARH,BEMETARA,21.709,81.524,0,11.9,-100,NR,269.4,447.6,-40,D,EXACT,1.0
6,CHHATTISGARH,BIJAPUR,18.843,80.776,3.2,16.9,-81,LD,384.9,540.4,-29,D,EXACT,1.0
7,CHHATTISGARH,BILASPUR,22.406,82.073,1.7,13.8,-88,LD,499.9,437.8,14,N,EXACT,1.0
8,CHHATTISGARH,DANTEWADA,18.864,81.378,2.3,15.9,-86,LD,399.7,528.6,-24,D,EXACT,1.0
9,CHHATTISGARH,DHAMTARI,20.555,81.809,0.6,10.8,-95,LD,404.4,456.6,-11,N,EXACT,1.0
10,CHHATTISGARH,DURG,21.22,81.383,0.4,8,-95,LD,416.3,436.9,-5,N,EXACT,1.0
11,CHHATTISGARH,GARIABAND,20.449,82.235,1.1,11,-90,LD,457.1,441.3,4,N,EXACT,1.0
12,CHHATTISGARH,GAURELA PENDRA MARWAHI,22.83,81.95,0.5,13.8,-96,LD,404.7,454.8,-11,N,EXACT,1.0
13,CHHATTISGARH,JANJGIR,21.928,82.734,2.2,10.3,-78,LD,589.3,435.6,35,E,EXACT,1.0
14,CHHATTISGARH,JASHPUR,22.801,83.862,5.3,16.3,-68,LD,329.9,617,-47,D,EXACT,1.0
15,CHHATTISGARH,KABIRDHAM,22.093,81.222,0.7,10.7,-94,LD,283.4,352.4,-20,D,EXACT,1.0
16,CHHATTISGARH,KANKER,20.138,81.123,0,13.3,-100,NR,293,540.5,-46,D,EXACT,1.0
17,CHHATTISGARH,KHAIRAGARH CHH GANDAI,21.417937,80.981938,3.7,8,-54,D,302.8,305,-1,N,EXACT,1.0
18,CHHATTISGARH,KONDAGAON,19.746,81.665,0.3,12.8,-97,LD,294.5,480,-39,D,EXACT,1.0
19,CHHATTISGARH,KORBA,22.534,82.609,5.4,15.4,-65,LD,470.8,527.9,-11,N,EXACT,1.0
20,CHHATTISGARH,KORIYA,23.47,82.235,2.2,14.4,-85,LD,410.7,481,-15,N,EXACT,1.0
21,CHHATTISGARH,MAHASAMUND,21.208,82.608,1,8.7,-89,LD,472.1,442,7,N,EXACT,1.0
22,CHHATTISGARH,MANENDRAGARH BHARATPUR,23.596607,82.058294,1.7,14.3,-88,LD,372.5,481,-23,D,EXACT,1.0
23,CHHATTISGARH,MOHALA MANPUR CHOWKI,20.85,80.75,4.1,10.5,-61,LD,305.8,456.2,-33,D,EXACT,1.0
24,CHHATTISGARH,MUNGELI,22.241,81.73,0.5,10.8,-95,LD,530.7,420,26,E,EXACT,1.0
25,CHHATTISGARH,NARAYANPUR,19.57,81.086,1.1,12.8,-92,LD,423.3,508.1,-17,N,EXACT,1.0
26,CHHATTISGARH,RAIGARH,22.085,83.303,11.7,11.4,3,N,445.3,495.3,-10,N,EXACT,1.0
27,CHHATTISGARH,RAIPUR,21.286,81.82,0.7,8.9,-92,LD,469.2,423.8,11,N,EXACT,1.0
28,CHHATTISGARH,RAJNANDGAON,21.04,80.82,2.7,16,-83,LD,393,454.6,-14,N,EXACT,1.0
29,CHHATTISGARH,SAKTI,22.03,82.96,4,14.5,-72,LD,487.4,459.6,6,N,EXACT,1.0
30,CHHATTISGARH,SARANGARH BILAIGARH,21.59,83.08,0.3,12.4,-98,LD,636.3,393.4,62,LE,EXACT,1.0
31,CHHATTISGARH,SUKMA,18.256,81.347,0.5,10.1,-95,LD,310.9,494.4,-37,D,EXACT,1.0
32,CHHATTISGARH,SURAJPUR,23.402,82.883,1,12.6,-92,LD,451.7,513.3,-12,N,EXACT,1.0
33,CHHATTISGARH,SURGUJA,22.929,83.227,1.7,13.4,-87,LD,264.9,525.1,-50,D,EXACT,1.0
1,ANDHRA PRADESH,ANAKAPALLI,17.691,83.003,0.3,4.3,-93,LD,160.1,248.8,-36,D,EXACT,1.0
2,ANDHRA PRADESH,BAPATLA,15.904,80.467,0,8,-100,NR,97.3,193.6,-50,D,EXACT,1.0
3,ANDHRA PRADESH,DR B R AMBEDKAR KONASEEMA,16.605,82.018,1.4,7.5,-81,LD,200.8,308.7,-35,D,EXACT,1.0
4,ANDHRA PRADESH,EAST GODAVARI,17.27,81.896,3,8.3,-64,LD,171.9,292.7,-41,D,EXACT,1.0
5,ANDHRA PRADESH,ELURU,16.71,81.095,0.1,11,-99,LD,224.9,349.7,-36,D,EXACT,1.0
6,ANDHRA PRADESH,GUNTUR,16.293,80.079,1.3,10,-87,LD,178.6,231,-23,D,EXACT,1.0
7,ANDHRA PRADESH,KAKINADA,16.989,82.247,0.1,5.5,-99,LD,202,273.7,-26,D,EXACT,1.0
8,ANDHRA PRADESH,KRISHNA,16.556,80.798,0.8,11.7,-93,LD,174.5,270.4,-35,D,EXACT,1.0
9,ANDHRA PRADESH,NTR DISTRICT,16.514079,80.631795,0,11.6,-100,NR,179.7,281.8,-36,D,EXACT,1.0
10,ANDHRA PRADESH,PALNADU,16.577,79.738,0,6.5,-100,NR,161.8,208.9,-23,D,EXACT,1.0
11,ANDHRA PRADESH,PARVATHIPURAM MANYAM,18.783,83.426,0,4.6,-100,NR,160.1,312.1,-49,D,EXACT,1.0
12,ANDHRA PRADESH,PRAKASAM,15.616,79.516,0.4,3.4,-88,LD,75.3,136.9,-45,D,EXACT,1.0
13,ANDHRA PRADESH,SPSR NELLORE,14.442,79.987,0,2.5,-100,NR,95.1,122.5,-22,D,EXACT,1.0
14,ANDHRA PRADESH,SRI ALLURI SITHARAMARAJU DISTRICT,,,0,7.8,-100,NR,168.8,368.6,-54,D,EXACT,1.0
15,ANDHRA PRADESH,SRIKAKULAM,18.599,84.024,0.2,4.4,-95,LD,159,281.9,-44,D,EXACT,1.0
16,ANDHRA PRADESH,VISHAKHAPATNAM,17.725142,83.294196,1.7,3.8,-54,D,139.3,218.5,-36,D,EXACT,1.0
17,ANDHRA PRADESH,VIZIANAGARAM,18.475,83.385,0,4.3,-100,NR,196.2,267,-27,D,EXACT,1.0
18,ANDHRA PRADESH,WEST GODAVARI,16.937,81.384,0.1,9.9,-99,LD,83.2,295.1,-72,LD,EXACT,1.0
1,PUDUCHERRY (UT),YANAM,16.722,82.257,5.6,7.9,-29,D,149.6,291.7,-49,D,EXACT,1.0
1,TELANGANA,ADILABAD,19.52,78.566,0,10.3,-100,NR,291.3,416.1,-30,D,EXACT,1.0
2,TELANGANA,B. KOTHAGUDEM,17.688,80.71,0.4,12.8,-97,LD,295.9,389.3,-24,D,EXACT,1.0
3,TELANGANA,HANUMAKONDA,18.005,79.77,0,12.3,-100,NR,140.9,282.3,-50,D,EXACT,1.0
4,TELANGANA,HYDERABAD,17.395,78.47,0.5,11,-95,LD,139.6,244.9,-43,D,EXACT,1.0
5,TELANGANA,J. BHUPALPALLY,18.502,79.925,0.1,15,-99,LD,304.1,387.3,-21,D,EXACT,1.0
6,TELANGANA,JAGTIAL,18.833,78.875,0,15.7,-100,NR,276.8,342.4,-19,N,EXACT,1.0
7,TELANGANA,JANGAON,17.735,79.274,0,8.2,-99,LD,155.9,280.7,-44,D,EXACT,1.0
8,TELANGANA,JOGULAMBA GADWAL,16.072,77.781,0.2,5,-97,LD,121.3,171.2,-29,D,EXACT,1.0
9,TELANGANA,KAMAREDDY,18.325,78.062,0.1,13.5,-99,LD,284.5,313.1,-9,N,EXACT,1.0
10,TELANGANA,KARIMNAGAR,18.379,79.235,0,12.7,-100,NR,181.3,290.4,-38,D,EXACT,1.0
11,TELANGANA,KHAMMAM,17.2,80.361,0.1,11.7,-99,LD,241.3,309.7,-22,D,EXACT,1.0
12,TELANGANA,KUMARAM BHEEM,19.359,79.417,0.1,11.1,-99,LD,348.5,430.2,-19,N,EXACT,1.0
13,TELANGANA,M. MALKAJGIRI,17.544,78.558,0.5,5.4,-91,LD,86.8,199.5,-57,D,EXACT,1.0
14,TELANGANA,MAHABUBABAD,17.668,79.984,0.2,15.1,-99,LD,274.3,344.8,-20,D,EXACT,1.0
15,TELANGANA,MAHABUBNAGAR,16.759,77.99,0.4,5.3,-93,LD,146.7,193.7,-24,D,EXACT,1.0
16,TELANGANA,MANCHERIAL,18.996,79.514,0,14.4,-99,LD,321.7,409.2,-21,D,EXACT,1.0
17,TELANGANA,MEDAK,17.955,78.26,0,15.7,-99,LD,239.3,314.7,-24,D,EXACT,1.0
18,TELANGANA,MULUGU,18.289,80.337,0.5,12.2,-96,LD,433.2,398.8,9,N,EXACT,1.0
19,TELANGANA,NAGARKURNOOL,16.388,78.588,0.4,5.4,-92,LD,131.7,179.8,-27,D,EXACT,1.0
20,TELANGANA,NALGONDA,16.877,79.193,0.2,9.4,-98,LD,128.7,187.7,-31,D,EXACT,1.0
21,TELANGANA,NARAYANPET,16.643,77.58,0,6.4,-100,NR,158.8,176.8,-10,N,EXACT,1.0
22,TELANGANA,NIRMAL,19.113,78.315,0.1,13.1,-99,LD,171.1,375,-54,D,EXACT,1.0
23,TELANGANA,NIZAMABAD,18.702,78.211,0,15.8,-99,LD,252.9,342.1,-26,D,EXACT,1.0
24,TELANGANA,PEDDAPALLE,18.621,79.452,0,13.1,-100,NR,251,374.3,-33,D,EXACT,1.0
25,TELANGANA,RAJANNA SIRCILLA,18.416,78.761,0,10.9,-100,NR,188.8,281.1,-33,D,EXACT,1.0
26,TELANGANA,RANGAREDDY,17.131,78.413,0.1,6.5,-99,LD,150.9,210,-28,D,EXACT,1.0
27,TELANGANA,SANGAREDDY,17.784,77.875,0.1,13.6,-99,LD,215.5,285.9,-25,D,EXACT,1.0
28,TELANGANA,SIDDIPET,18.01,78.849,0,11.9,-100,NR,171.9,247.2,-30,D,EXACT,1.0
29,TELANGANA,SURYAPET,17.081,79.754,0,7.6,-99,LD,177.3,243.5,-27,D,EXACT,1.0
30,TELANGANA,VIKARABAD,17.254,77.746,0.1,8.3,-99,LD,164.1,257.8,-36,D,EXACT,1.0
31,TELANGANA,WANAPARTHY,16.294,78.038,0.2,7.3,-97,LD,111.1,205.8,-46,D,EXACT,1.0
32,TELANGANA,WARANGAL,17.978,79.594,0.2,14.6,-98,LD,178.8,376.6,-53,D,EXACT,1.0
33,TELANGANA,Y. BHUVANAGIRI,17.452,78.981,0.2,7.7,-97,LD,82.5,220.6,-63,LD,EXACT,1.0
1,TAMILNADU,ARIYALUR,11.162,79.242,0,2,-100,NR,88.4,80.8,9,N,EXACT,1.0
2,TAMILNADU,CHENGALPATTU,12.58,80.0,0,3.3,-100,NR,39,123.1,-68,LD,EXACT,1.0
3,TAMILNADU,CHENNAI,13.063,80.232,0,4.7,-100,NR,90.7,142.2,-36,D,EXACT,1.0
4,TAMILNADU,COIMBATORE,10.878,76.976,2.5,7.7,-68,LD,327.2,341.3,-4,N,EXACT,1.0
5,TAMILNADU,CUDDALORE,11.536,79.45,0,3.7,-100,NR,113.5,97.9,16,N,EXACT,1.0
6,TAMILNADU,DHARMAPURI,12.101,78.193,0,1.7,-100,NR,106.1,103.3,3,N,EXACT,1.0
7,TAMILNADU,DINDIGUL,10.392,77.82,0,3.6,-100,NR,70.5,80.6,-12,N,EXACT,1.0
8,TAMILNADU,ERODE,11.518,77.413,0.1,2.2,-96,LD,74.3,83.7,-11,N,EXACT,1.0
9,TAMILNADU,KALLAKURICHI,11.798,79.011,0,3.3,-100,NR,85.9,106.8,-20,D,EXACT,1.0
10,TAMILNADU,KANCHEEPURAM,12.826,79.828,0,2.6,-100,NR,79,147,-46,D,EXACT,1.0
11,TAMILNADU,KANYAKUMARI,8.307,77.36,0,3.3,-100,NR,270.9,258.7,5,N,EXACT,1.0
12,TAMILNADU,KARUR,10.844,78.135,0,2.7,-100,NR,33,44.2,-25,D,EXACT,1.0
13,TAMILNADU,KRISHNAGIRI,12.491,78.031,0,2.4,-100,NR,92.1,92.7,-1,N,EXACT,1.0
14,TAMILNADU,MADURAI,9.923,78.005,0,2,-100,NR,71.6,81.7,-12,N,EXACT,1.0
15,TAMILNADU,MAYILADUTHURAI,11.103,79.655,0,2.8,-100,NR,61.3,76.3,-20,D,EXACT,1.0
16,TAMILNADU,NAGAPATTINAM,10.809,79.729,0,2,-100,NR,39.7,69.3,-43,D,EXACT,1.0
17,TAMILNADU,NAMAKKAL,11.319,78.136,0,3.4,-100,NR,42.4,84.8,-50,D,EXACT,1.0
18,TAMILNADU,NILGIRIS,11.456,76.64,7.5,9.8,-24,D,275.9,384.5,-28,D,EXACT,1.0
19,TAMILNADU,PERAMBALUR,11.275,78.89,0,1.6,-100,NR,73.2,61.7,19,N,EXACT,1.0
20,TAMILNADU,PUDUKKOTTAI,10.36,78.879,0,2.6,-100,NR,88.4,83.2,6,N,EXACT,1.0
21,TAMILNADU,RAMANATHAPURAM,9.449,78.691,0,1.3,-100,NR,10.3,34.2,-70,LD,EXACT,1.0
22,TAMILNADU,RANIPET,12.952,79.459,0,4,-100,NR,75.5,148.2,-49,D,EXACT,1.0
23,TAMILNADU,SALEM,11.678,78.223,0,3.6,-99,LD,98,116.4,-16,N,EXACT,1.0
24,TAMILNADU,SIVAGANGA,9.919,78.591,0,3,-100,NR,89.2,101.3,-12,N,EXACT,1.0
25,TAMILNADU,TENKASI,9.087,77.46,0,1.7,-100,NR,79.1,79.1,0,N,EXACT,1.0
26,TAMILNADU,THANJAVUR,10.671,79.241,0,3.1,-100,NR,76.2,79.6,-4,N,EXACT,1.0
27,TAMILNADU,THENI,9.892,77.438,0,2.3,-99,LD,76.9,69.8,10,N,EXACT,1.0
28,TAMILNADU,THIRUCHIRAPALLI,10.891,78.57,0,2.4,-100,NR,66,64.6,2,N,EXACT,1.0
29,TAMILNADU,THIRUVALLUR,13.244,79.933,0,5.1,-100,NR,121.6,153.3,-21,D,EXACT,1.0
30,TAMILNADU,THOOTHUKUDI,8.891,78.004,0,0.7,-100,NR,7.1,14,-50,D,EXACT,1.0
31,TAMILNADU,TIRUNELVELI,8.575,77.604,0,1,-100,NR,247.9,35.9,591,LE,EXACT,1.0
32,TAMILNADU,TIRUPATTUR,12.585,78.644,0,4.7,-100,NR,62.6,127,-51,D,EXACT,1.0
33,TAMILNADU,TIRUPPUR,10.839,77.407,0,1.4,-100,NR,20.6,38.8,-47,D,EXACT,1.0
34,TAMILNADU,TIRUVANNAMALAI,12.432,79.166,0,5,-100,NR,80.4,131.5,-39,D,EXACT,1.0
35,TAMILNADU,TIRUVARUR,10.703,79.529,0,2.9,-100,NR,69.7,78.5,-11,N,EXACT,1.0
36,TAMILNADU,VELLORE,12.901,78.954,0.1,4.6,-98,LD,69.8,137.8,-49,D,EXACT,1.0
37,TAMILNADU,VILLUPURAM,12.123,79.527,0,2.9,-100,NR,70.6,114.9,-39,D,EXACT,1.0
38,TAMILNADU,VIRUDHUNAGAR,9.492,77.906,0,1.8,-100,NR,52.1,48.7,7,N,EXACT,1.0
1,PUDUCHERRY (UT),KARAIKAL,10.95,79.803,0,5,-100,NR,84.4,90,-6,N,EXACT,1.0
2,PUDUCHERRY (UT),PUDUCHERRY,11.911,79.734,0,3.7,-100,NR,11.9,102.1,-88,LD,EXACT,1.0
1,KARNATAKA,BAGALKOTE,16.221,75.626,0,2.4,-100,NR,159.5,131.8,21,E,EXACT,1.0
2,KARNATAKA,BELAGAVI,16.121,74.824,5,5.6,-11,N,366.4,281.1,30,E,EXACT,1.0
3,KARNATAKA,BIDAR,17.952,77.225,0,8.5,-100,NR,204.8,247.7,-17,N,EXACT,1.0
4,KARNATAKA,DHARWAD,15.39,75.152,2.8,4.9,-44,D,157.1,244.6,-36,D,EXACT,1.0
5,KARNATAKA,GADAG,15.431,75.665,2.9,2.5,16,N,123.3,133.8,-8,N,EXACT,1.0
6,KARNATAKA,HAVERI,14.739,75.417,15,4.6,225,LE,147.6,237,-38,D,EXACT,1.0
7,KARNATAKA,KALABURAGI,17.26,76.869,0,6.1,-100,NR,103.6,212.7,-51,D,EXACT,1.0
8,KARNATAKA,KOPPAL,15.563,76.222,0.1,2.9,-97,LD,90,127.3,-29,D,EXACT,1.0
9,KARNATAKA,RAICHUR,16.091,76.892,0,4.9,-100,NR,139.5,145.3,-4,N,EXACT,1.0
10,KARNATAKA,VIJAYAPURA,16.794,75.953,0.2,2.8,-93,LD,130.5,143.3,-9,N,EXACT,1.0
11,KARNATAKA,YADGIR,16.627,76.913,0,5.9,-100,NR,183.9,185.2,-1,N,EXACT,1.0
1,KARNATAKA,BALLARI,15.11,76.533,0.6,2.8,-79,LD,75.7,119.2,-36,D,EXACT,1.0
2,KARNATAKA,BENGALURU RURAL,13.227,77.574,0,3.3,-100,NR,114.3,135.6,-16,N,EXACT,1.0
3,KARNATAKA,BENGALURU URBAN,12.952,77.594,0,2.6,-99,LD,68.4,139.2,-51,D,EXACT,1.0
4,KARNATAKA,CHAMARAJANAGAR,11.958,77.098,0.3,2.8,-90,LD,103.2,117.9,-12,N,EXACT,1.0
5,KARNATAKA,CHIKABALLAPURA,13.578,77.835,0.1,2.7,-98,LD,113.8,128.9,-12,N,EXACT,1.0
6,KARNATAKA,CHIKKAMAGALURU,13.455,75.691,30.6,15.6,96,LE,699.8,768.6,-9,N,EXACT,1.0
7,KARNATAKA,CHITRADURGA,14.169,76.515,7.2,2.7,165,LE,70.9,99.8,-29,D,EXACT,1.0
8,KARNATAKA,DAVANGERE,14.409,75.954,12.8,3.3,287,LE,115.5,150.4,-23,D,EXACT,1.0
9,KARNATAKA,HASSAN,12.996,76.108,4.1,6.8,-40,D,138.5,324.3,-57,D,EXACT,1.0
10,KARNATAKA,KODAGU,12.325,75.801,28.8,25.9,11,N,800.6,1230.1,-35,D,EXACT,1.0
11,KARNATAKA,KOLAR,13.14,78.218,0,3.3,-100,NR,68.8,131.1,-48,D,EXACT,1.0
12,KARNATAKA,MANDYA,12.611,76.797,0,2.4,-100,NR,68.1,96.4,-29,D,EXACT,1.0
13,KARNATAKA,MYSURU,12.211,76.44,4.7,3.4,38,E,83,161.4,-49,D,EXACT,1.0
14,KARNATAKA,RAMANAGARA,12.679,77.335,0,3.4,-100,NR,19,139.7,-86,LD,EXACT,1.0
15,KARNATAKA,SHIVAMOGGA,14.043,75.22,30.1,17.6,71,LE,749.1,851.8,-12,N,EXACT,1.0
16,KARNATAKA,TUMAKURU,13.522,76.946,6.2,2.9,113,LE,75,118.2,-37,D,EXACT,1.0
17,KARNATAKA,VIJAYANAGARA,15.139,76.921,4.7,3.2,47,E,58.9,131.3,-55,D,EXACT,1.0
1,KARNATAKA,DAKSHINA KANNADA,12.853,75.251,34.4,36.8,-7,N,1289.2,1846.3,-30,D,EXACT,1.0
2,KARNATAKA,UDUPI,13.498,74.872,60.1,41.4,45,E,1398.3,2125.1,-34,D,EXACT,1.0
3,KARNATAKA,UTTARA KANNADA,14.792,74.62,27.2,31.7,-14,N,1148.1,1525.2,-25,D,EXACT,1.0
1,KERALA,ALAPUZHA,9.427,76.448,1.4,13.9,-90,LD,620.9,940.8,-34,D,EXACT,1.0
2,KERALA,ERNAKULAM,10.084,76.546,8.8,22.2,-61,LD,814.7,1226.8,-34,D,EXACT,1.0
3,KERALA,IDUKKI,9.84,77.057,2.9,25,-88,LD,537.1,1353.8,-60,LD,EXACT,1.0
4,KERALA,KANNUR,12.001,75.524,45.2,27.7,63,LE,1198.4,1601.7,-25,D,EXACT,1.0
5,KERALA,KASARGOD,12.462,75.152,31.8,29.8,7,N,1324.2,1746,-24,D,EXACT,1.0
6,KERALA,KOLLAM,8.962,76.873,2.2,12.9,-83,LD,419.9,697.1,-40,D,EXACT,1.0
7,KERALA,KOTTAYAM,9.637,76.651,0.8,16.4,-95,LD,845.4,1091.4,-23,D,EXACT,1.0
8,KERALA,KOZHIKODE,11.485,75.834,34,27.1,25,E,1211,1574.8,-23,D,EXACT,1.0
9,KERALA,MALAPPURAM,11.134,76.155,24.5,18.5,33,E,820.7,1145.4,-28,D,EXACT,1.0
10,KERALA,PALAKKAD,10.795,76.557,11.2,14,-20,D,549.5,873.1,-37,D,EXACT,1.0
11,KERALA,PATHANAMTHITTA,9.285,76.927,1.4,13.5,-90,LD,657.3,885.1,-26,D,EXACT,1.0
12,KERALA,THIRUVANANTHAPURAM,8.609,77.013,0.6,5.9,-90,LD,409.8,468,-12,N,EXACT,1.0
13,KERALA,THRISSUR,10.472,76.315,10.2,18.2,-44,D,805,1245.2,-35,D,EXACT,1.0
14,KERALA,WYNAD,11.712,76.098,30.7,26.1,18,N,576.6,1403,-59,D,EXACT,1.0
1,PUDUCHERRY (UT),MAHE,11.726,75.54,42.2,25.2,67,LE,1132.2,1486.8,-24,D,EXACT,1.0
1,LAKSHADWEEP,LAKSHADWEEP,10.449,72.953,0.1,12.6,-99,LD,381.5,573.1,-33,D,EXACT,1.0
