0,1,2,3,4,5,6,7,8,9,10,11,12
,,,DAY: 24-07-2026,,,,PERIOD: 01-06-2026 to 24-07-2026,,,,,
S.No,MET.SUBDIVISION/UT/STATE/DISTRICT,ACTUAL(mm),NORMAL(mm),%DEP.,CAT.,ACTUAL(mm),NORMAL(mm),%DEP.,CAT.,,,
,ANDAMAN & NICOBAR ISLANDS,1.3,13.5,-90,LD,772,713.9,8,N,,,
1,NICOBAR,4.5,12.5,-64,LD,233.1,486.5,-52,D,,,
2,NORTH & MIDDLE ANDAMAN,0.2,13.2,-98,LD,1206.6,830.6,45,E,,,
3,SOUTH ANDAMAN,0.6,14.5,-96,LD,630.9,727.1,-13,N,,,
,ARUNACHAL PRADESH,2.9,19.3,-85,LD,419.1,884.1,-53,D,,,
1,ANJAW,0,22.6,-100,NR,67.2,832.9,-92,LD,,,
2,CHANGLANG,4.4,15,-71,LD,587.2,711.6,-17,N,,,
3,DIBANG VALLEY,,7.1,,ND,0,685,-100,NR,,,
4,EAST KAMENG,0,11.5,-100,NR,829.9,633.4,31,E,,,
5,EAST SIANG,0,43.1,-100,NR,1396.9,1699.3,-18,N,,,
6,KURUNG KUMEY,22,18.5,19,N,255.1,559.9,-54,D,,,
7,LOHIT,9.1,17.3,-48,D,552.2,835.7,-34,D,,,
8,LOWER DIBANG VALLEY,,27.9,,ND,27.9,1284.7,-98,LD,,,
9,LOWER SUBANSIRI,0,6.2,-100,NR,213.6,340.1,-37,D,,,
10,PAPUMPARA,0.3,19.2,-99,LD,929.2,1207.1,-23,D,,,
11,TAWANG,1.7,12.6,-87,LD,147.7,479.9,-69,LD,,,
12,TIRAP,40.2,24.3,65,LE,1162.9,1033.1,13,N,,,
13,UPPER SIANG,1.6,7.6,-79,LD,470.7,938.2,-50,D,,,
14,UPPER SUBANSIRI,0,11,-100,NR,214.4,497.5,-57,D,,,
15,WEST KAMENG,1.4,30,-95,LD,239.3,862.7,-72,LD,,,
16,WEST SIANG,0,28.1,-100,NR,370.2,1029.8,-64,LD,,,
,ASSAM & MEGHALAYA,6.4,15.9,-59,D,587.1,930,-37,D,,,
,,,DAY: 24-07-2026,,,,PERIOD: 01-06-2026 to 24-07-2026,,,,,
S.No,MET.SUBDIVISION/UT/STATE/DISTRICT,ACTUAL(mm),NORMAL(mm),%DEP.,CAT.,ACTUAL(mm),NORMAL(mm),%DEP.,CAT.,,,
,ASSAM,6.6,13.5,-51,D,564.6,775.5,-27,D,,,
1,BAJALI,0,23.5,-100,NR,667,1233.9,-46,D,,,
2,BAKSA,0.3,12.8,-98,LD,715.9,886.8,-19,N,,,
3,BARPETA,0,23.5,-100,NR,796.4,1233.9,-35,D,,,
4,BISWANATH,,9.2,,ND,,748.7,,ND,,,
5,BONGAIGAON,0,13.9,-100,NR,618.2,1376.1,-55,D,,,
6,CACHAR,6.7,17.7,-62,LD,871.9,915.6,-5,N,,,
7,CHARAIDEO,1.5,10.3,-85,LD,681,473.2,44,E,,,
8,CHIRANG,0,18.9,-100,NR,798,1325.2,-40,D,,,
9,DARRANG,1,9.5,-89,LD,379.3,728.9,-48,D,,,
10,DHEMAJI,0,22.6,-100,NR,1269.7,1068.6,19,N,,,
11,DHUBRI,5.8,16.8,-65,LD,813.9,1188.8,-32,D,,,
12,DIBRUGARH,3.3,15.5,-79,LD,679.9,751.9,-10,N,,,
13,DIMA HASAO,1,9,-89,LD,209.8,572.1,-63,LD,,,
14,GOALPARA,1,23.7,-96,LD,467.6,1111.9,-58,D,,,
15,GOLAGHAT,0,10.5,-100,NR,401.6,510.1,-21,D,,,
16,HAILAKANDI,5.5,12.4,-55,D,624.5,773.4,-19,N,,,
17,HOJAI,0,7.1,-100,NR,206.2,349.6,-41,D,,,
18,JORHAT,2.9,8.2,-64,LD,442.1,605.1,-27,D,,,
19,KAMRUP METROPOLITAN,34.5,13.7,152,LE,442.2,566.4,-22,D,,,
20,KAMRUP RURAL,11.9,11.8,1,N,230.8,703.5,-67,LD,,,
21,KARBI ANGLONG,22.9,7.4,209,LE,264.9,387.9,-32,D,,,
22,KOKRAJHAR,1.9,23.7,-92,LD,1446.1,1470.5,-2,N,,,
23,LAKHIMPUR,0.4,19.8,-98,LD,1186.3,1024.7,16,N,,,
24,MAJULI,,8.2,,ND,545,605.1,-10,N,,,
25,MORIGAON,4.5,8.8,-48,D,298.4,544.4,-45,D,,,
,,,DAY: 24-07-2026,,,,PERIOD: 01-06-2026 to 24-07-2026,,,,,
S.No,MET.SUBDIVISION/UT/STATE/DISTRICT,ACTUAL(mm),NORMAL(mm),%DEP.,CAT.,ACTUAL(mm),NORMAL(mm),%DEP.,CAT.,,,
26,NAGAON,3.8,10.4,-64,LD,184,502.1,-63,LD,,,
27,NALBARI,4.5,16.1,-72,LD,353.6,885.6,-60,LD,,,
28,SIBSAGAR,7.5,11.8,-36,D,399.8,589.2,-32,D,,,
29,SONITPUR,29.6,8.5,248,LE,512.1,599,-15,N,,,
30,SOUTH SALMARA,,16.8,,ND,,1188.8,,ND,,,
31,SRIBHUMI,9.2,20.9,-56,D,984.6,1144.7,-14,N,,,
32,TAMULPUR,2.6,12.7,-80,LD,710.9,796.4,-11,N,,,
33,TINSUKIA,0.4,13.1,-97,LD,756.9,727.4,4,N,,,
34,UDALGURI,10.7,12.7,-16,N,326.6,809.1,-60,LD,,,
35,WEST KARBI ANGLONG,0,7.4,-100,NR,211.2,337.7,-37,D,,,
,MEGHALAYA,5.9,23.6,-75,LD,659.3,1439,-54,D,,,
1,EAST GARO HILLS,4.6,12.3,-62,LD,441.7,991.6,-55,D,,,
2,EAST JAINTIA HILLS,6.3,36.9,-83,LD,889.2,2459.7,-64,LD,,,
3,EAST KHASI HILLS,13.9,44.8,-69,LD,1355.6,2483.1,-45,D,,,
4,NORTH GARO HILLS,14.5,13.3,9,N,368.2,955.3,-61,LD,,,
5,RI BHOI,3.1,12,-74,LD,423,716.4,-41,D,,,
6,SOUTH GARO HILLS,6.3,13.3,-53,D,508.8,955.3,-47,D,,,
7,SOUTH WEST GARO HILLS,2.2,13.3,-84,LD,485.4,955.3,-49,D,,,
8,SOUTH WEST KHASI HILLS,21.5,13.3,62,LE,1862.2,955.3,95,LE,,,
9,WEST GARO HILLS,2.3,18.6,-88,LD,334,953.1,-65,LD,,,
10,WEST JAINTIA HILLS,3.6,36.9,-90,LD,594.3,2459.7,-76,LD,,,
11,WEST KHASI HILLS,1,25,-96,LD,457.5,1427.4,-68,LD,,,
,NMMT,13.5,10.3,31,E,437.2,625.9,-30,D,,,
,MIZORAM,8,11.9,-33,D,592.1,748.3,-21,D,,,
1,AIZAWL,0.8,14,-95,LD,606.3,712.7,-15,N,,,
2,CHAMPHAI,2.5,8.8,-71,LD,484.9,595.3,-19,N,,,
,,,,DAY: 24-07-2026,,,,PERIOD: 01-06-2026 to 24-07-2026,,,,
,S.No,MET.SUBDIVISION/UT/STATE/DISTRICT,ACTUAL(mm),NORMAL(mm),%DEP.,CAT.,ACTUAL(mm),NORMAL(mm),%DEP.,CAT.,,
3,,KOLASIB,55.2,19.4,184,LE,579.8,769.2,-25,D,,
4,,LAWNGTLAI,8.7,13.1,-34,D,731.4,833.4,-12,N,,
5,,LUNGLEI,6.4,10.3,-38,D,668.1,823,-19,N,,
6,,MAMIT,0,10,-100,NR,397.5,693.6,-43,D,,
7,,SAIHA,10.6,10.5,1,N,546.7,855.5,-36,D,,
8,,SERCHHIP,10.7,14.9,-28,D,767.3,739.6,4,N,,
,,MANIPUR,20.1,9.4,113,LE,231.5,516.4,-55,D,,
1,,BISHNUPUR,14.6,11.4,28,E,196.9,568.2,-65,LD,,
2,,CHANDEL,6.9,11.4,-39,D,246.7,568.2,-57,D,,
3,,CHURACHANDPUR,16,11.4,40,E,111,568.2,-80,LD,,
4,,IMPHAL EAST,34.2,3.6,851,LE,292.6,382.5,-24,D,,
5,,IMPHAL WEST,13.6,16.7,-18,N,206.6,844.6,-76,LD,,
6,,SENAPATI,0.9,6.3,-86,LD,271,358.9,-25,D,,
7,,TAMENGLONG,10.3,33.6,-69,LD,1115.4,2376.6,-53,D,,
8,,THOUBAL,27.2,3.6,656,LE,157.9,382.5,-59,D,,
9,,UKHRUL,45.8,7.7,495,LE,318.9,553.5,-42,D,,
,,TRIPURA,7.6,8.6,-12,N,675.3,721.1,-6,N,,
1,,DHALAI,6.1,6.4,-5,N,711.9,669.5,6,N,,
2,,GOMATI,8.1,10.3,-21,D,589.4,740.4,-20,D,,
3,,KHOWAI,6.9,6.6,5,N,746.6,680.5,10,N,,
4,,NORTH TRIPURA,3.4,7.5,-55,D,625.6,672.5,-7,N,,
5,,SIPAHIJALA,6.7,10,-33,D,606.9,699.6,-13,N,,
6,,SOUTH TRIPURA,15.7,13.1,20,E,671.3,922.5,-27,D,,
7,,UNAKOTI,0.3,8.7,-97,LD,800.6,725.4,10,N,,
8,,WEST TRIPURA,10.1,6.9,47,E,724.9,633.1,15,N,,
,,NAGALAND,16.9,10.3,64,LE,321.5,496.2,-35,D,,
,,,DAY: 24-07-2026,,,,PERIOD: 01-06-2026 to 24-07-2026,,,,,
S.No,MET.SUBDIVISION/UT/STATE/DISTRICT,ACTUAL(mm),NORMAL(mm),%DEP.,CAT.,ACTUAL(mm),NORMAL(mm),%DEP.,CAT.,,,
1,DIMAPUR,0.1,6,-98,LD,236.2,364.3,-35,D,,,
2,KIPHIRE,32.4,8.3,291,LE,353.6,287.4,23,E,,,
3,KOHIMA,32.5,10.4,213,LE,487.5,548.5,-11,N,,,
4,LONGLENG,,14.5,,ND,0.2,531.7,-99,LD,,,
5,MOKOKCHUNG,0.3,9,-97,LD,777.6,661.3,18,N,,,
6,MON,6.2,9.9,-37,D,253,563.9,-55,D,,,
7,PEREN,2.9,5,-42,D,340.6,404.4,-16,N,,,
8,PHEK,7.4,13.4,-45,D,257.6,399.8,-36,D,,,
9,TUENSANG,14.8,14.5,2,N,73.2,531.7,-86,LD,,,
10,WOKHA,0.5,11.7,-96,LD,506.9,590.8,-14,N,,,
11,ZUNHEBOTO,55.4,10.1,449,LE,150,523.3,-71,LD,,,
,SHWB & SIKKIM,4.2,18,-77,LD,978.6,926.9,6,N,,,
,WEST BENGAL,21.3,12.5,71,LE,643.9,615.3,5,N,,,
1,ALIPURDUAR,8.1,37.2,-78,LD,1661.4,1590.6,4,N,,,
2,COOCH BEHAR,0.4,18.9,-98,LD,1251.6,1195.3,5,N,,,
3,DARJEELING,4.1,27.1,-85,LD,1333.5,1357.3,-2,N,,,
4,JALPAIGURI,2.1,34.5,-94,LD,1329.1,1489.4,-11,N,,,
5,KALIMPONG,31.9,26.9,19,N,1083.7,1172.8,-8,N,,,
6,MALDA,1,9.6,-90,LD,485.7,512.4,-5,N,,,
7,NORTH DINAJPUR,5.6,10.1,-45,D,550.6,709,-22,D,,,
8,SOUTH DINAJPUR,4.1,13.2,-69,LD,549.2,516.3,6,N,,,
,SIKKIM,2.5,15.2,-84,LD,872.8,808.3,8,N,,,
1,GANGTOK,4.1,17.3,-77,LD,1059.2,1074.2,-1,N,,,
2,GYALSHING,2.4,22.6,-89,LD,1172.1,837.1,40,E,,,
3,MANGAN,1.6,14.1,-89,LD,728.2,750.3,-3,N,,,
4,NAMCHI,4.6,12.1,-62,LD,1040.5,795.5,31,E,,,
,,,DAY: 24-07-2026,,,,PERIOD: 01-06-2026 to 24-07-2026,,,,,
S.No,MET.SUBDIVISION/UT/STATE/DISTRICT,ACTUAL(mm),NORMAL(mm),%DEP.,CAT.,ACTUAL(mm),NORMAL(mm),%DEP.,CAT.,,,
5,Pakyong,5.4,14.3,-62,LD,943.3,769.2,23,E,,,
6,Soreng,3,22.6,-87,LD,1158,837.1,38,E,,,
,GANGETIC WEST BENGAL,26.8,10.6,153,LE,522.2,514.4,2,N,,,
1,BANKURA,11,11.7,-6,N,514.2,510.9,1,N,,,
2,BIRBHUM,1.1,9.3,-88,LD,342.5,508.4,-33,D,,,
3,EAST MIDNAPORE,85.4,8.1,954,LE,704.5,533.5,32,E,,,
4,HOOGHLY,7.2,10.6,-32,D,494.2,475.3,4,N,,,
5,HOWRAH,43.8,8.9,392,LE,630.8,501.8,26,E,,,
6,JHARGRAM,6.1,11,-44,D,426.9,503.8,-15,N,,,
7,KOLKATA,52.4,9.4,457,LE,667.5,577.9,16,N,,,
8,MURSHIDABAD,7.1,9.1,-22,D,340.7,460.6,-26,D,,,
9,NADIA,11.3,7.5,50,E,373.6,448.8,-17,N,,,
10,NORTH 24 PARGANAS,74.4,11,576,LE,708.1,525.1,35,E,,,
11,PASCHIM BARDHAMAN,9.9,10.9,-9,N,428.1,478.2,-10,N,,,
12,PURBA BARDHAMAN,4.5,8.4,-46,D,458.7,456.7,0,N,,,
13,PURULIA,0.2,11,-98,LD,293.5,477.8,-39,D,,,
14,SOUTH 24 PARGANAS,71.3,13.6,424,LE,686.9,641,7,N,,,
15,WEST MIDNAPORE,13,11,18,N,738.7,503.8,47,E,,,
,ODISHA,4.8,7.9,-40,D,540.6,466.6,16,N,,,
1,ANGUL,0.8,7.4,-89,LD,578.6,458.1,26,E,,,
2,BALANGIR,0.3,8.9,-97,LD,626.5,455.5,38,E,,,
3,BALASORE,40.4,6.8,494,LE,553.4,484.4,14,N,,,
4,BARGARH,0.8,10.2,-93,LD,789.2,495.4,59,E,,,
5,BHADRAK,13.3,8.4,58,E,555.2,422,32,E,,,
6,BOUDH,0,6.7,-100,NR,910.9,413.8,120,LE,,,
7,CUTTACK,0,5.6,-100,NR,701.8,443,58,E,,,
,,,DAY: 24-07-2026,,,,PERIOD: 01-06-2026 to 24-07-2026,,,,,
S.No,MET.SUBDIVISION/UT/STATE/DISTRICT,ACTUAL(mm),NORMAL(mm),%DEP.,CAT.,ACTUAL(mm),NORMAL(mm),%DEP.,CAT.,,,
8,DEOGARH,5.6,7.1,-21,D,433.1,483.5,-10,N,,,
9,DHENKANAL,2.7,7.3,-63,LD,775.1,449,73,LE,,,
10,GAJAPATI,0,6.6,-100,NR,270.5,371.5,-27,D,,,
11,GANJAM,0,3.9,-100,NR,331.4,349,-5,N,,,
12,JAGATSINGHPUR,0,5.2,-100,NR,613.7,376.4,63,LE,,,
13,JAJPUR,2.8,5.6,-51,D,610.2,481.5,27,E,,,
14,JHARSUGUDA,4.8,9.3,-49,D,534.3,491.7,9,N,,,
15,KALAHANDI,0.4,8.4,-95,LD,421,574.5,-27,D,,,
16,KANDHAMAL,0.2,5.3,-97,LD,684.3,446.2,53,E,,,
17,KENDRAPARA,0.9,6.6,-86,LD,672.7,404,67,LE,,,
18,KEONJHARGARH,20,9.4,113,LE,631.9,472.7,34,E,,,
19,KHURDA,0,6.6,-100,NR,528.9,426.4,24,E,,,
20,KORAPUT,1,6.9,-86,LD,460.8,484.2,-5,N,,,
21,MALKANGIRI,1.6,8.4,-81,LD,341.2,491,-31,D,,,
22,MAYURBHANJ,18.8,10.7,76,LE,485.2,505.4,-4,N,,,
23,NAWAPARA,0,7.3,-100,NR,452.7,438.8,3,N,,,
24,NAWARANGPUR,0.3,11.1,-98,LD,341,565,-40,D,,,
25,NAYAGARH,0,6.7,-100,NR,604.5,450.6,34,E,,,
26,PURI,0,4.9,-100,NR,595.7,371.4,60,LE,,,
27,RAYAGADA,0.3,7.2,-96,LD,324.5,411.9,-21,D,,,
28,SAMBALPUR,3,8.8,-66,LD,609.5,519.6,17,N,,,
29,SONEPUR,0.2,7.5,-98,LD,930.5,479.9,94,LE,,,
30,SUNDARGARH,7.8,11.2,-30,D,497.1,507.5,-2,N,,,
,JHARKHAND,3.8,8.7,-57,D,293.5,434.7,-32,D,,,
1,BOKARO,0.5,8.2,-95,LD,270.3,382.1,-29,D,,,
2,CHATRA,4.8,6.9,-30,D,226.1,389.5,-42,D,,,
,,,DAY: 24-07-2026,,,,PERIOD: 01-06-2026 to 24-07-2026,,,,,
S.No,MET.SUBDIVISION/UT/STATE/DISTRICT,ACTUAL(mm),NORMAL(mm),%DEP.,CAT.,ACTUAL(mm),NORMAL(mm),%DEP.,CAT.,,,
3,DEOGHAR,0,7.3,-100,NR,167.2,430,-61,LD,,,
4,DHANBAD,8.7,8.4,3,N,346.1,442.4,-22,D,,,
5,DUMKA,2.1,7.1,-70,LD,417,457.1,-9,N,,,
6,EAST SINGHBHUM,10,10.4,-4,N,311.6,465.2,-33,D,,,
7,GARHWA,3.7,11.3,-68,LD,173,372.2,-54,D,,,
8,GIRIDIH,0.8,9.2,-91,LD,219.2,426.1,-49,D,,,
9,GODDA,8.3,7.2,15,N,207.8,395.6,-47,D,,,
10,GUMLA,0.8,8.8,-91,LD,321.4,460.9,-30,D,,,
11,HAZARIBAG,3.5,9.3,-62,LD,289.6,444.8,-35,D,,,
12,JAMTARA,0,6.1,-100,NR,352.2,469.9,-25,D,,,
13,KHUNTI,1.4,9,-84,LD,368.3,467.5,-21,D,,,
14,KODERMA,4.8,7.8,-38,D,180.9,379.7,-52,D,,,
15,LATEHAR,6.1,8.8,-31,D,310.6,437.4,-29,D,,,
16,LOHARDAGA,0,6.7,-100,NR,295.9,432.9,-32,D,,,
17,PAKUR,1.5,9.8,-85,LD,198.1,523.6,-62,LD,,,
18,PALAMU,3.2,6.1,-47,D,183.8,330.2,-44,D,,,
19,RAMGARH,0.9,9.5,-91,LD,289.8,437.5,-34,D,,,
20,RANCHI,3.3,6.5,-49,D,330.8,445.6,-26,D,,,
21,SAHIBGANJ,,9.5,,ND,2.1,528.9,-99,LD,,,
22,SERAIKELA-KHARSAWAN,0,11.2,-100,NR,418.7,429.9,-3,N,,,
23,SIMDEGA,10.9,13.2,-17,N,461.9,567,-19,N,,,
24,WEST SINGHBHUM,5.5,9.1,-40,D,355.3,420.1,-15,N,,,
,BIHAR,5.9,9.6,-38,D,272.7,432.2,-37,D,,,
1,ARARIA,2.1,11.2,-82,LD,515.3,652.8,-21,D,,,
2,ARWAL,13.2,7.2,83,LE,139.9,290.7,-52,D,,,
3,AURANGABAD,4.3,8.8,-51,D,215.2,355.5,-39,D,,,
,,,DAY: 24-07-2026,,,,PERIOD: 01-06-2026 to 24-07-2026,,,,,
S.No,MET.SUBDIVISION/UT/STATE/DISTRICT,ACTUAL(mm),NORMAL(mm),%DEP.,CAT.,ACTUAL(mm),NORMAL(mm),%DEP.,CAT.,,,
4,BANKA,2.3,6.4,-64,LD,158,372.9,-58,D,,,
5,BEGUSARAI,3.8,6.7,-43,D,293,418.2,-30,D,,,
6,BHABUA,5,6.9,-28,D,154,328.5,-53,D,,,
7,BHAGALPUR,4,9.8,-59,D,185.7,423.9,-56,D,,,
8,BHOJPUR,10.9,8.8,24,E,194.5,358.4,-46,D,,,
9,BUXAR,16.4,4.7,250,LE,277.9,322.6,-14,N,,,
10,DARBHANGA,1.1,8.3,-86,LD,208.6,389.4,-46,D,,,
11,EAST CHAMPARAN,0,12.1,-99,LD,303.4,457.4,-34,D,,,
12,GAYA,27.3,8.4,225,LE,189.2,355.6,-47,D,,,
13,GOPALGANJ,3.6,8,-55,D,332.2,413.5,-20,D,,,
14,JAHANABAD,16.3,7.1,130,LE,125.3,354.4,-65,LD,,,
15,JAMUI,1.3,7.8,-83,LD,181.5,406.5,-55,D,,,
16,KATIHAR,2,10.8,-81,LD,313.8,499,-37,D,,,
17,KHAGARIA,2.4,7.9,-69,LD,347,432.5,-20,D,,,
18,KISHANGANJ,13.5,17.9,-25,D,713,839.2,-15,N,,,
19,LAKHISARAI,10,6.2,61,LE,351.2,378.9,-7,N,,,
20,MADHEPURA,2.1,10.1,-79,LD,299.6,465.7,-36,D,,,
21,MADHUBANI,5.3,12.7,-59,D,309.9,440.3,-30,D,,,
22,MUNGER,2.7,7.5,-65,LD,271.4,433.1,-37,D,,,
23,MUZAFFARPUR,1.3,8.8,-85,LD,210.1,420.4,-50,D,,,
24,NALANDA,16.5,9.9,66,LE,193.2,359.8,-46,D,,,
25,NAWADA,22.3,6.2,260,LE,199.7,354.2,-44,D,,,
26,PATNA,9.6,8.3,15,N,202.3,381.1,-47,D,,,
27,PURNEA,2.3,14.8,-85,LD,399.8,667.7,-40,D,,,
28,ROHTAS,3.3,7.3,-55,D,188.5,338.5,-44,D,,,
29,SAHARSA,0.1,10.3,-99,LD,230.4,492.9,-53,D,,,
,,,DAY: 24-07-2026,,,,PERIOD: 01-06-2026 to 24-07-2026,,,,,
S.No,MET.SUBDIVISION/UT/STATE/DISTRICT,ACTUAL(mm),NORMAL(mm),%DEP.,CAT.,ACTUAL(mm),NORMAL(mm),%DEP.,CAT.,,,
30,SAMASTIPUR,3.7,6.3,-41,D,207.9,404.8,-49,D,,,
31,SARAN,2.2,8,-72,LD,220.3,377.6,-42,D,,,
32,SHEIKHPURA,1.1,7,-84,LD,212.1,364.1,-42,D,,,
33,SHEOHAR,0,14.7,-100,NR,245.9,470.4,-48,D,,,
34,SITAMARHI,2.1,11.6,-82,LD,195.5,467.1,-58,D,,,
35,SIWAN,0.6,9.1,-94,LD,408.5,375.8,9,N,,,
36,SUPAUL,0.1,12.3,-99,LD,457.6,517,-11,N,,,
37,VAISHALI,7.6,10.8,-30,D,261.4,387.2,-32,D,,,
38,WEST CHAMPARAN,1.2,14.7,-92,LD,409.8,530.9,-23,D,,,
,UTTAR PRADESH,5.3,6.5,-18,N,240,296,-19,N,,,
,WEST UTTAR PRADESH,4.1,6.6,-38,D,244.2,257,-5,N,,,
1,AGRA,6.4,5.9,8,N,209.2,194,8,N,,,
2,ALIGARH,4.4,4.9,-10,N,130,210.7,-38,D,,,
3,AMROHA,0,7.8,-100,NR,124,322.6,-62,LD,,,
4,AURAIYA,19.3,6.3,206,LE,235.7,184.7,28,E,,,
5,BADAUN,0,6.7,-100,NR,309.5,264,17,N,,,
6,BAGHPAT,0,2.9,-100,NR,222,193.2,15,N,,,
7,BAREILLY,0.2,7.7,-97,LD,282.1,311.5,-9,N,,,
8,BIJNOR,0,7.8,-100,NR,340.3,356.3,-4,N,,,
9,BULANDSHAHAR,2.5,2.9,-14,N,207.1,206,1,N,,,
10,ETAH,2.1,4.6,-54,D,285.8,178.4,60,LE,,,
11,ETAWAH,34.6,5.9,487,LE,223.1,196.3,14,N,,,
12,FIROZABAD,8.4,9,-7,N,300.9,216.8,39,E,,,
13,GAUTAM BUDDHA NAGAR,0,2.8,-100,NR,180.4,176.8,2,N,,,
14,GHAZIABAD,0.8,2.8,-73,LD,69,177.6,-61,LD,,,
15,HAMIRPUR,25.5,4.5,466,LE,302,249.7,21,E,,,
,,,DAY: 24-07-2026,,,,PERIOD: 01-06-2026 to 24-07-2026,,,,,
S.No,MET.SUBDIVISION/UT/STATE/DISTRICT,ACTUAL(mm),NORMAL(mm),%DEP.,CAT.,ACTUAL(mm),NORMAL(mm),%DEP.,CAT.,,,
16,HAPUR,0,3.8,-100,NR,175,249.5,-30,D,,,
17,HATHRAS,2.3,3.6,-35,D,272.7,202.2,35,E,,,
18,JALAUN,5.6,7.6,-27,D,166.9,226.4,-26,D,,,
19,JHANSI,3.1,10.7,-71,LD,140.6,276.7,-49,D,,,
20,KASGANJ,0.7,7.2,-91,LD,197,239.5,-18,N,,,
21,LALITPUR,0.4,9.7,-96,LD,313.6,314.9,0,N,,,
22,MAHOBA,8.8,4.6,90,LE,144,205.3,-30,D,,,
23,MAINPURI,3.1,5.9,-47,D,111.4,244.9,-55,D,,,
24,MATHURA,4,4.6,-13,N,145,188,-23,D,,,
25,MEERUT,0,5.3,-100,NR,486.5,240.5,102,LE,,,
26,MORADABAD,1.2,7.5,-84,LD,260,341.9,-24,D,,,
27,MUZAFFARNAGAR,0,5.4,-100,NR,514.9,255.9,101,LE,,,
28,PILIBHIT,0,6.3,-100,NR,102.5,352.9,-71,LD,,,
29,RAMPUR,0,9.7,-100,NR,221.8,260.8,-15,N,,,
30,SAHARANPUR,,8.2,,ND,228.4,310.8,-27,D,,,
31,SAMBHAL,0.7,5.8,-89,LD,434,259.3,67,LE,,,
32,SHAHJAHANPUR,0,9.8,-100,NR,299.7,317.9,-6,N,,,
33,SHAMLI,0,6.7,-100,NR,76.4,218,-65,LD,,,
,EAST UTTAR PRADESH,6.2,6.5,-5,N,237.1,323.9,-27,D,,,
1,AMBEDKAR NAGAR,2.8,6.3,-56,D,233.7,358.2,-35,D,,,
2,AMETHI,14.2,6.9,105,LE,112.8,265.2,-57,D,,,
3,AYODHYA,11.2,6.4,75,LE,254.4,349.3,-27,D,,,
4,AZAMGARH,3.3,6.9,-53,D,237.3,344.2,-31,D,,,
5,BAHRAICH,0,8.2,-100,NR,393.2,432.1,-9,N,,,
6,BALLIA,1.5,5.6,-74,LD,330.9,312,6,N,,,
7,BALRAMPUR,0,5.4,-100,NR,334,342,-2,N,,,
,,,,DAY: 24-07-2026,,,,PERIOD: 01-06-2026 to 24-07-2026,,,,
S.No,,MET.SUBDIVISION/UT/STATE/DISTRICT,ACTUAL(mm),NORMAL(mm),%DEP.,CAT.,ACTUAL(mm),NORMAL(mm),%DEP.,CAT.,,
8,BANDA,,14.1,3.8,272,LE,251.6,281.4,-11,N,,
9,BARABANKI,,15.4,10.2,51,E,321.5,327.3,-2,N,,
10,BASTI,,0,5,-100,NR,252.2,360.6,-30,D,,
11,BHADOHI,,,5.8,,ND,50.5,328.7,-85,LD,,
12,CHANDAULI,,0.3,6.3,-96,LD,220.3,267.1,-18,N,,
13,CHITRAKOOT,,37,5.5,573,LE,352.4,303.9,16,N,,
14,DEORIA,,0,3.2,-100,NR,115,351.3,-67,LD,,
15,FARRUKHABAD,,0.5,4.8,-90,LD,161.4,274.4,-41,D,,
16,FATEHPUR,,0,6.1,-100,NR,107.5,252.2,-57,D,,
17,GHAZIPUR,,2.5,6.5,-62,LD,185.4,300,-38,D,,
18,GONDA,,4.8,6.8,-30,D,343.1,381.6,-10,N,,
19,GORAKHPUR,,0,7.8,-100,NR,481.5,524.4,-8,N,,
20,HARDOI,,5.2,7.1,-27,D,165.5,268.8,-38,D,,
21,JAUNPUR,,7.2,5.1,41,E,85,282.2,-70,LD,,
22,KANNAUJ,,2.8,6.8,-60,LD,198.1,233.8,-15,N,,
23,KANPUR CITY,,7.2,4.6,57,E,253.8,241.8,5,N,,
24,KANPUR DEHAT,,7.2,4.3,67,LE,59.8,193.4,-69,LD,,
25,KAUSHAMBI,,,4.3,,ND,56.2,212.5,-74,LD,,
26,KHERI,,0,7.1,-100,NR,381.1,397,-4,N,,
27,KUSHI NAGAR,,0,7.5,-100,NR,139.3,330.5,-58,D,,
28,LUCKNOW,,12.7,5.6,126,LE,171.8,261.4,-34,D,,
29,MAHARAJGANJ,,5.3,6.2,-14,N,457.8,426.4,7,N,,
30,MAU,,2,11.9,-83,LD,142,342.8,-59,D,,
31,MIRZAPUR,,9.4,8.1,17,N,321.2,343.5,-6,N,,
32,PRATAPGARH,,23,4.5,411,LE,219,287,-24,D,,
33,PRAYAGRAJ,,9.5,5.9,60,LE,170.1,266.4,-36,D,,
,,,DAY: 24-07-2026,,,,PERIOD: 01-06-2026 to 24-07-2026,,,,,
S.No,MET.SUBDIVISION/UT/STATE/DISTRICT,ACTUAL(mm),NORMAL(mm),%DEP.,CAT.,ACTUAL(mm),NORMAL(mm),%DEP.,CAT.,,,
34,RAE BAREILLY,19.9,3.1,542,LE,95.5,160.1,-40,D,,,
35,SANT KABIR NAGAR,0.6,6.6,-92,LD,251.4,472.3,-47,D,,,
36,SHRAWASTI,0,10.3,-100,NR,311.5,514.3,-39,D,,,
37,SIDDHARTH NAGAR,0,6.6,-100,NR,325.9,479.2,-32,D,,,
38,SITAPUR,2.4,8.9,-73,LD,168.7,343.5,-51,D,,,
39,SONBHADRA,2.9,9,-68,LD,258.9,352.1,-26,D,,,
40,SULTANPUR,7.4,5.4,36,E,283.9,329,-14,N,,,
41,UNNAO,2,5.2,-62,LD,139.7,241.5,-42,D,,,
42,VARANASI,1.6,4.7,-66,LD,150.9,306.2,-51,D,,,
,UTTARAKHAND,14.4,12.2,18,N,469,491.7,-5,N,,,
1,ALMORA,5.9,9.2,-36,D,385.8,361,7,N,,,
2,BAGESHWAR,35.2,9.2,283,LE,804.4,361,123,LE,,,
3,CHAMOLI,27.8,8.5,227,LE,435.3,304.3,43,E,,,
4,CHAMPAWAT,2.3,10.9,-79,LD,393.2,589.1,-33,D,,,
5,DEHRADUN,12.9,15.7,-18,N,544.5,599.4,-9,N,,,
6,GARHWAL PAURI,6.7,11.8,-43,D,267.3,465.8,-43,D,,,
7,GARHWAL TEHRI,7.7,11.6,-34,D,515.2,368.5,40,E,,,
8,HARDWAR,2.1,9.2,-77,LD,415,386,8,N,,,
9,NAINITAL,5.1,13.1,-61,LD,474.3,727.3,-35,D,,,
10,PITHORAGARH,20.1,20.1,0,N,564.1,657.4,-14,N,,,
11,RUDRAPRAYAG,19.5,15.7,24,E,479.9,627.7,-24,D,,,
12,UDHAM SINGH NAGAR,0.8,7.6,-90,LD,477.8,464.3,3,N,,,
13,UTTARKASHI,18.7,11.3,66,LE,457.7,488.3,-6,N,,,
,DELHI AND HARYANA AND CHANDIGARH,1.5,4,-63,LD,131.9,171.9,-23,D,,,
,HARYANA,1.5,4,-63,LD,130.4,170.3,-23,D,,,
1,AMBALA,0.6,11.1,-95,LD,139.2,345.9,-60,LD,,,
,,,,DAY: 24-07-2026,,,,PERIOD: 01-06-2026 to 24-07-2026,,,,
S.No,MET.SUBDIVISION/UT/STATE/DISTRICT,,ACTUAL(mm),NORMAL(mm),%DEP.,CAT.,ACTUAL(mm),NORMAL(mm),%DEP.,CAT.,,
2,BHIWANI,5,,3,67,LE,107.8,122.6,-12,N,,
3,CHARKHI DADRI,5.1,,3.8,35,E,173.7,156.7,11,N,,
4,FARIDABAD,0,,3.3,-100,NR,270,185.5,46,E,,
5,FATEHABAD,1.9,,4,-54,D,90.1,111.3,-19,N,,
6,GURGAON,3,,4.2,-29,D,161.1,187.2,-14,N,,
7,HISAR,0.3,,3.9,-92,LD,85.2,128.8,-34,D,,
8,JHAJJAR,1.9,,2.2,-16,N,111.1,145.3,-24,D,,
9,JIND,0.4,,4,-91,LD,59.2,167.2,-65,LD,,
10,KAITHAL,0,,2.2,-100,NR,82.2,149.7,-45,D,,
11,KARNAL,0,,5.1,-100,NR,189.2,224.4,-16,N,,
12,KURUKSHETRA,0,,4.6,-100,NR,180.7,172.7,5,N,,
13,MAHENDRAGARH,2.1,,4.4,-51,D,179.7,173.2,4,N,,
14,NUH,6.6,,3,121,LE,118.4,163.3,-27,D,,
15,PALWAL,0,,1.8,-100,NR,168,136.5,23,E,,
16,PANCHKULA,1.7,,12.8,-87,LD,169,324.1,-48,D,,
17,PANIPAT,0,,3,-100,NR,113.4,171.3,-34,D,,
18,REWARI,3.3,,4.4,-24,D,172.4,169.9,1,N,,
19,ROHTAK,0,,3.2,-100,NR,62,182.1,-66,LD,,
20,SIRSA,0.6,,2.2,-75,LD,41.4,103.4,-60,LD,,
21,SONEPAT,0.6,,2.8,-80,LD,109.6,181.2,-39,D,,
22,YAMUNA NAGAR,2.7,,10.2,-74,LD,328.7,364.9,-10,N,,
,DELHI (UT),1.1,,5,-77,LD,181.6,209.3,-13,N,,
1,CENTRAL DELHI,3.2,,10,-68,LD,263.4,247.6,6,N,,
2,EAST DELHI,0,,10,-100,NR,283.5,247.6,14,N,,
3,NEW DELHI,0.4,,5.4,-92,LD,167.1,230.5,-28,D,,
4,NORTH DELHI,,,4.4,,ND,,212.7,,ND,,
,,,,DAY: 24-07-2026,,,,PERIOD: 01-06-2026 to 24-07-2026,,,,
S.No,MET.SUBDIVISION/UT/STATE/DISTRICT,ACTUAL(mm),,NORMAL(mm),%DEP.,CAT.,ACTUAL(mm),NORMAL(mm),%DEP.,CAT.,,
5,NORTH EAST DELHI,9.1,10,,-9,N,275.6,247.6,11,N,,
6,NORTH WEST DELHI,0.5,1.9,,-74,LD,100.8,163.5,-38,D,,
7,SOUTH DELHI,0,10,,-100,NR,190.5,247.6,-23,D,,
8,SOUTH EAST DELHI,0.7,10,,-94,LD,202.3,247.6,-18,N,,
9,SOUTH WEST DELHI,0.3,3.3,,-92,LD,138.5,210.9,-34,D,,
10,WEST DELHI,0.8,5.3,,-86,LD,217,234,-7,N,,
,CHANDIGARH (UT),0,7.7,,-100,NR,247.5,359.6,-31,D,,
1,CHANDIGARH,0,7.7,,-100,NR,247.5,359.6,-31,D,,
,PUNJAB,5.9,5.5,,7,N,121.1,180.3,-33,D,,
1,AMRITSAR,12.8,6.6,,93,LE,226.1,176.9,28,E,,
2,BARNALA,1.5,3.5,,-59,D,45.4,151.2,-70,LD,,
3,BHATINDA,1.9,4.7,,-60,LD,50.9,128.6,-60,LD,,
4,FARIDKOT,15.6,1.4,,1014,LE,163,134.7,21,E,,
5,FATEHGARH SAHIB,0.1,7.8,,-98,LD,63.2,202.9,-69,LD,,
6,FAZILKA,1.8,8.4,,-78,LD,63.7,113.4,-44,D,,
7,FEROZEPUR,5.3,5.3,,0,N,102,110.5,-8,N,,
8,GURDASPUR,23.8,3.9,,511,LE,373,247.8,51,E,,
9,HOSHIARPUR,8.9,8.9,,0,N,63.5,247.6,-74,LD,,
10,JALANDHAR,2.4,5.9,,-59,D,151.6,214.7,-29,D,,
11,KAPURTHALA,13.5,6.1,,121,LE,101,181.9,-44,D,,
12,LUDHIANA,0.2,6.3,,-97,LD,136.7,190,-28,D,,
13,MANSA,0,3.7,,-100,NR,33,113.9,-71,LD,,
14,MOGA,8,5,,60,LE,92.7,116.4,-20,D,,
15,MUKTSAR,7.8,1.6,,387,LE,62.8,153.2,-59,D,,
16,PATHANKOT,34,9.7,,251,LE,505.1,351.8,44,E,,
17,PATIALA,0.8,6.3,,-87,LD,105.9,212.8,-50,D,,
,,,DAY: 24-07-2026,,,,PERIOD: 01-06-2026 to 24-07-2026,,,,,
S.No,MET.SUBDIVISION/UT/STATE/DISTRICT,ACTUAL(mm),NORMAL(mm),%DEP.,CAT.,ACTUAL(mm),NORMAL(mm),%DEP.,CAT.,,,
18,RUPNAGAR,13.6,6,127,LE,151.2,317.2,-52,D,,,
19,SANGRUR,0,4.8,-100,NR,75,152.3,-51,D,,,
20,SAS NAGAR (MOHALI),0,5.7,-100,NR,116.2,263.6,-56,D,,,
21,SBS NAGAR,2.5,7.5,-67,LD,154.7,332.3,-53,D,,,
22,TARN TARAN,0.9,2.9,-70,LD,92,107,-14,N,,,
,HIMACHAL PRADESH,12.9,8.7,49,E,271.5,293.9,-8,N,,,
1,BILASPUR,24.9,7.6,228,LE,286.4,302.1,-5,N,,,
2,CHAMBA,30.1,11.3,167,LE,365.3,357.8,2,N,,,
3,HAMIRPUR,13.9,7.3,90,LE,213.6,348.3,-39,D,,,
4,KANGRA,21.8,21,4,N,491.2,614.9,-20,D,,,
5,KINNAUR,7.9,1.9,316,LE,128.4,92.9,38,E,,,
6,KULLU,8.6,5.9,46,E,218.9,224.3,-2,N,,,
7,LAHAUL & SPITI,3,4.8,-38,D,79.7,147.8,-46,D,,,
8,MANDI,10,14.3,-30,D,353.4,456.8,-23,D,,,
9,SHIMLA,13.9,7.4,87,LE,369.1,270.7,36,E,,,
10,SIRMAUR,7.5,11.9,-37,D,540.3,504.6,7,N,,,
11,SOLAN,9.3,8.7,7,N,447.2,370.8,21,E,,,
12,UNA,42.3,8.8,380,LE,343.9,352.8,-3,N,,,
,JAMMU & KASHMIR AND LADAKH,23.5,7.4,217,LE,272.2,212.7,28,E,,,
,JAMMU & KASHMIR (UT),23.5,7.4,217,LE,272.2,212.7,28,E,,,
1,ANANTNAG,20.7,3.7,460,LE,185.8,138.7,34,E,,,
2,BADGAM,0.9,6.3,-86,LD,62.7,87.1,-28,D,,,
3,BANDIPORA,0.8,3.8,-80,LD,93.2,94,-1,N,,,
4,BARAMULA,5.3,3.1,71,LE,190.9,97.5,96,LE,,,
5,DODA,34.9,5.9,491,LE,195,181.9,7,N,,,
6,GANDERBAL,9.8,2.9,237,LE,203.4,126.4,61,LE,,,
,,,,DAY: 24-07-2026,,,,PERIOD: 01-06-2026 to 24-07-2026,,,,
S.No,,MET.SUBDIVISION/UT/STATE/DISTRICT,ACTUAL(mm),NORMAL(mm),%DEP.,CAT.,ACTUAL(mm),NORMAL(mm),%DEP.,CAT.,,
7,JAMMU,,24.7,14.9,66,LE,383.5,336.8,14,N,,
8,KATHUA,,36.1,16.8,115,LE,416.1,479,-13,N,,
9,KISTWAR,,18,5.9,205,LE,129.5,181.9,-29,D,,
10,KULGAM,,40.2,2.9,1286,LE,154.5,142.5,8,N,,
11,KUPWARA,,3.1,6.1,-50,D,146.2,115.7,26,E,,
12,POONCH,,5.8,10,-43,D,490,287.3,71,LE,,
13,PULWAMA,,6.9,0.9,667,LE,118.5,76.5,55,E,,
14,RAJOURI,,0,4.8,-100,NR,424,255,66,LE,,
15,RAMBAN,,64,4.1,1461,LE,313.9,175.7,79,LE,,
16,REASI,,36.3,24.3,49,E,604.3,517.2,17,N,,
17,SAMBA,,,13.5,,ND,506,259.6,95,LE,,
18,SHOPIAN,,7,3.4,106,LE,58.1,107,-46,D,,
19,SRINAGAR,,0.7,3.2,-78,LD,126.4,100.9,25,E,,
20,UDHAMPUR,,96.5,11.7,725,LE,761.3,364.3,109,LE,,
,LADAKH (UT),,2.8,0.1,2702,LE,29.1,10,191,LE,,
1,KARGIL,,2.7,0,26900,LE,9.5,5.2,68,LE,,
2,LADAKH (LEH),,2.8,0.1,2733,LE,35.2,11.6,199,LE,,
,RAJASTHAN,,10.7,6.6,62,LE,146.5,174,-16,N,,
,EAST RAJASTHAN,,12.1,9.4,29,E,207.1,243.1,-15,N,,
1,AJMER,,10.2,6.4,60,LE,183.8,180.5,2,N,,
2,ALWAR,,6.8,5.3,28,E,186.2,215.3,-14,N,,
3,BANSWARA,,3.4,13.6,-75,LD,167.5,309.1,-46,D,,
4,BARAN,,8,12.9,-38,D,294.4,334.1,-12,N,,
5,BHARATPUR,,1.1,4.5,-76,LD,221.9,209.2,6,N,,
6,BHILWARA,,11.4,10.2,12,N,217.2,231.2,-6,N,,
7,BUNDI,,10.7,12.6,-15,N,200.4,259.9,-23,D,,
,,,DAY: 24-07-2026,,,,PERIOD: 01-06-2026 to 24-07-2026,,,,,
S.No,MET.SUBDIVISION/UT/STATE/DISTRICT,ACTUAL(mm),NORMAL(mm),%DEP.,CAT.,ACTUAL(mm),NORMAL(mm),%DEP.,,CAT.,,
8,CHITTORGARH,26.5,10.5,153,LE,251.9,258.6,-3,N,,,
9,DAUSA,5,7.5,-33,D,210.6,242.2,-13,N,,,
10,DHOLPUR,1.5,7.9,-81,LD,202.7,223.7,-9,N,,,
11,DUNGARPUR,12.7,9.5,33,E,185.3,259.3,-29,D,,,
12,JAIPUR,8.3,6.7,24,E,169.5,221.4,-23,D,,,
13,JHALAWAR,9.2,15.8,-42,D,269.2,329.6,-18,N,,,
14,JHUNJHUNU,4,3.9,3,N,228.8,184.1,24,E,,,
15,KARAULI,1.8,7.7,-76,LD,150.2,231.3,-35,D,,,
16,KOTA,10.2,13.3,-23,D,211.5,291,-27,D,,,
17,PRATAPGARH,13.2,12.1,9,N,339,311.5,9,N,,,
18,RAJSAMAND,33.9,7.9,329,LE,218.9,208.4,5,N,,,
19,SAWAI MADHOPUR,8.6,10,-14,N,153.1,265.3,-42,D,,,
20,SIKAR,0.5,5.4,-91,LD,209.3,190.9,10,N,,,
21,SIROHI,6.7,18.4,-63,LD,142.9,307.1,-53,D,,,
22,TONK,4.7,9.7,-52,D,216.1,224.3,-4,N,,,
23,UDAIPUR,39.2,9.9,296,LE,188.3,231.5,-19,N,,,
,WEST RAJASTHAN,9.6,4.3,124,LE,98.2,119,-18,N,,,
1,BARMER,25.4,4.5,464,LE,92.2,103,-10,N,,,
2,BIKANER,8,5.1,57,E,128,116.7,10,N,,,
3,CHURU,0.9,4.2,-80,LD,160.1,158.6,1,N,,,
4,HANUMANGARH,3.4,2.6,32,E,87.4,123.2,-29,D,,,
5,JAISALMER,2.3,2.6,-13,N,37.7,69.6,-46,D,,,
6,JALORE,20.8,6.5,219,LE,79.9,153.2,-48,D,,,
7,JODHPUR,12.6,3.9,223,LE,105.2,116.6,-10,N,,,
8,NAGAUR,5.1,3.8,34,E,135.6,169.9,-20,D,,,
9,PALI,9.9,9.7,2,N,114.5,186.3,-39,D,,,
,,,DAY: 24-07-2026,,,,PERIOD: 01-06-2026 to 24-07-2026,,,,,
S.No,MET.SUBDIVISION/UT/STATE/DISTRICT,ACTUAL(mm),NORMAL(mm),%DEP.,CAT.,ACTUAL(mm),NORMAL(mm),%DEP.,CAT.,,,
10,SRI GANGANAGAR,4.1,3.2,28,E,98.6,93.1,6,N,,,
,MADHYA PRADESH,5.4,11.3,-52,D,329.9,370.9,-11,N,,,
,WEST MADHYA PRADESH,7,12.1,-42,D,312.5,337.8,-7,N,,,
1,AGAR-MALWA,1.4,19.3,-93,LD,357.6,329.3,9,N,,,
2,ALIRAJPUR,30.2,9,236,LE,111.8,324.6,-66,LD,,,
3,ASHOKNAGAR,7.8,10.3,-25,D,305.5,344.1,-11,N,,,
4,BARWANI,6.6,10.4,-37,D,228.4,265.7,-14,N,,,
5,BETUL,0.6,11.8,-95,LD,336.7,413.9,-19,N,,,
6,BHIND,4.7,6.2,-24,D,280.1,230.2,22,E,,,
7,BHOPAL,4.7,11.4,-59,D,445.3,385.2,16,N,,,
8,BURHANPUR,1,7.8,-87,LD,342.1,297.6,15,N,,,
9,DATIA,2.5,8.9,-72,LD,162,271.3,-40,D,,,
10,DEWAS,4.2,14.5,-71,LD,491.2,344.5,43,E,,,
11,DHAR,8.5,12.8,-34,D,206.8,308.5,-33,D,,,
12,GUNA,4.1,13.2,-69,LD,390.7,375.8,4,N,,,
13,GWALIOR,36.5,7,422,LE,250.2,247.7,1,N,,,
14,HARDA,0,14.7,-100,NR,375.7,418.3,-10,N,,,
15,INDORE,7.9,13.9,-43,D,381.8,323.7,18,N,,,
16,JHABUA,16,10.9,47,E,208.5,330.1,-37,D,,,
17,KHANDWA,0,11.1,-100,NR,306.6,318.9,-4,N,,,
18,KHARGONE,1,8.4,-88,LD,277,288.5,-4,N,,,
19,MANDSAUR,20.8,12.5,66,LE,337.4,299,13,N,,,
20,MORENA,0,9.2,-100,NR,143.3,242,-41,D,,,
21,NARMADAPURAM,0.7,16,-96,LD,311.5,487.3,-36,D,,,
22,NEEMUCH,5.4,9.4,-43,D,280.9,268.6,5,N,,,
23,RAISEN,0.4,14.2,-97,LD,409.6,428.3,-4,N,,,
,,,,DAY: 24-07-2026,,,,PERIOD: 01-06-2026 to 24-07-2026,,,,
S.No,,MET.SUBDIVISION/UT/STATE/DISTRICT,ACTUAL(mm),NORMAL(mm),%DEP.,CAT.,ACTUAL(mm),NORMAL(mm),%DEP.,,CAT.,
24,RAJGARH,,2.4,13.8,-83,LD,397.3,341.9,16,N,,
25,RATLAM,,7.6,18.8,-59,D,277.8,316,-12,N,,
26,SEHORE,,0.4,16.6,-97,LD,466.4,405.6,15,N,,
27,SHAJAPUR,,1.3,16,-92,LD,300.1,339,-11,N,,
28,SHEOPUR,,22,7.5,193,LE,234.8,258.4,-9,N,,
29,SHIVPURI,,18.5,9.7,90,LE,228.3,317.4,-28,D,,
30,UJJAIN,,8.8,13.6,-35,D,329.3,331.1,-1,N,,
31,VIDISHA,,3.6,14.4,-75,LD,360,413,-13,N,,
,EAST MADHYA PRADESH,,3.3,10.2,-68,LD,352.6,414,-15,N,,
1,ANUPPUR,,1.2,12.8,-91,LD,381.3,424.3,-10,N,,
2,BALAGHAT,,2.6,14,-81,LD,453.9,522.8,-13,N,,
3,CHHATARPUR,,4,8.7,-54,D,313.2,335.9,-7,N,,
4,CHHINDWARA,,0.3,15.1,-98,LD,388.1,426.9,-9,N,,
5,DAMOH,,1,7,-86,LD,425.1,418.3,2,N,,
6,DINDORI,,1.6,10.8,-85,LD,441.2,492.8,-10,N,,
7,JABALPUR,,2.9,8.8,-67,LD,345,426.1,-19,N,,
8,KATNI,,0.8,7.3,-89,LD,319.8,372.3,-14,N,,
9,MANDLA,,0.2,14.8,-99,LD,341,489.6,-30,D,,
10,NARSINGHPUR,,2,9.6,-79,LD,310.8,404.6,-23,D,,
11,NIWARI,,0,4.9,-100,NR,294,280.4,5,N,,
12,PANNA,,2.3,8.4,-73,LD,346.8,409.3,-15,N,,
13,REWA,,1.2,8.7,-86,LD,149.9,367.4,-59,D,,
14,SAGAR,,7.4,11.8,-37,D,332.2,437.4,-24,D,,
15,SATNA,,2.5,7.3,-66,LD,334,368.5,-9,N,,
16,SEONI,,3.3,9.6,-65,LD,475.9,452.1,5,N,,
17,SHAHDOL,,2.9,12.8,-78,LD,321.1,375.1,-14,N,,
,,,DAY: 24-07-2026,,,,PERIOD: 01-06-2026 to 24-07-2026,,,,,
S.No,MET.SUBDIVISION/UT/STATE/DISTRICT,ACTUAL(mm),NORMAL(mm),%DEP.,CAT.,ACTUAL(mm),NORMAL(mm),%DEP.,CAT.,,,
18,SIDHI,2.2,9.9,-78,LD,299,402.8,-26,D,,,
19,SINGRAULI,8.9,15.1,-41,D,252.2,426.9,-41,D,,,
20,TIKAMGARH,23.6,7.8,203,LE,308.4,373.3,-17,N,,,
21,UMARIA,1.7,6.8,-75,LD,364.3,392.1,-7,N,,,
22,MAIHAR,2.3,10.3,-77,LD,247.5,378.4,-35,D,,,
23,MAUGANJ,0,7.3,-100,NR,361.2,358.7,1,N,,,
24,PANDHURNA,7.5,8.9,-16,N,408.8,345.2,18,N,,,
,GUJARAT,70.9,9.5,647,LE,307.7,303.9,1,N,,,
,GUJARAT REGION,108.7,12.6,763,LE,476.2,382.7,24,E,,,
,GUJARAT,70.9,9.5,647,LE,307.7,303.9,1,N,,,
1,AHMEDABAD,239.8,8,2897,LE,372.3,272,37,E,,,
2,ANAND,231.3,12.3,1781,LE,365.9,330.4,11,N,,,
3,ARAVALLI,5.7,10.5,-46,D,152.1,314.1,-52,D,,,
4,BANASKANTHA,48.1,11,337,LE,117,221.3,-47,D,,,
5,BHARUCH,97.3,10.2,854,LE,449.1,328.9,37,E,,,
6,CHHOTA UDEPUR,43,10.4,314,LE,223.3,384.3,-42,D,,,
7,DAHOD,25.1,8.1,210,LE,141.3,283,-50,D,,,
8,DANGS,246.4,32.5,658,LE,1564.5,939,67,LE,,,
9,GANDHINAGAR,122.3,8.9,1274,LE,256.5,292.3,-12,N,,,
10,KHEDA,243.3,13.1,1757,LE,419.3,313.1,34,E,,,
11,MAHISAGAR,43.3,10.7,305,LE,303.5,294,3,N,,,
12,MEHSANA,84.7,8.9,852,LE,235.2,270.1,-13,N,,,
13,NARMADA,61.6,14.7,319,LE,401.1,416,-4,N,,,
14,NAVSARI,245.4,23,967,LE,1746.6,864.7,102,LE,,,
15,PANCHMAHAL,64.7,12.3,426,LE,370.3,342.1,8,N,,,
16,PATAN,45,9.1,394,LE,167.7,202.7,-17,N,,,
,,,DAY: 24-07-2026,,,,PERIOD: 01-06-2026 to 24-07-2026,,,,,
S.No,MET.SUBDIVISION/UT/STATE/DISTRICT,ACTUAL(mm),NORMAL(mm),%DEP.,CAT.,ACTUAL(mm),NORMAL(mm),%DEP.,CAT.,,,
17,SABARKANTHA,52.1,9.4,455,LE,181.7,322.1,-44,D,,,
18,SURAT,113.8,15.7,625,LE,1083.1,623,74,LE,,,
19,TAPI,136.1,22.2,513,LE,921.1,617.9,49,E,,,
20,VADODARA,100.9,11.2,801,LE,297.2,363.9,-18,N,,,
21,VALSAD,204.1,26.2,679,LE,2114.9,1001.4,111,LE,,,
,DADRA & NAGAR HAVELI AND DAMAN & DIU (UT),197.4,36.3,444,LE,2165.3,1075.7,101,LE,,,
1,DADARA & NAGAR HAVELI,219.3,38.4,471,LE,2269.4,1121.2,102,LE,,,
2,DAMAN,152.8,38.4,298,LE,2323.6,1121.2,107,LE,,,
,SAURASHTRA & KUTCH,40,7.1,463,LE,177.5,242.5,-27,D,,,
,GUJARAT,70.9,9.5,647,LE,307.7,303.9,1,N,,,
1,AMRELI,64,5.4,1086,LE,394.6,285.6,38,E,,,
2,BHAVNAGAR,49.1,5.5,793,LE,316.3,266.9,19,N,,,
3,BOTAD,85.8,4.8,1688,LE,270.2,241.4,12,N,,,
4,DEVBHOOMI DWARKA,7,7.2,-3,N,20.4,272.1,-93,LD,,,
5,GIR SOMNATH,3.8,12,-68,LD,438.5,477.7,-8,N,,,
6,JAMNAGAR,53.5,7.9,577,LE,135.5,290.1,-53,D,,,
7,JUNAGADH,20.7,9.2,125,LE,528.1,457.6,15,N,,,
8,KUTCH,15.2,6.7,126,LE,36.2,158.4,-77,LD,,,
9,MORBI,60.4,7.7,684,LE,162.8,243.6,-33,D,,,
10,PORBANDAR,9.3,10.1,-8,N,134.6,352.9,-62,LD,,,
11,RAJKOT,87.1,6.2,1305,LE,250.2,294.6,-15,N,,,
12,SURENDRANAGAR,97.2,7.7,1162,LE,243,227.9,7,N,,,
,DADRA & NAGAR HAVELI AND DAMAN & DIU (UT),197.4,36.3,444,LE,2165.3,1075.7,101,LE,,,
1,DIU,9,7.7,17,N,603.6,436.1,38,E,,,
,KONKAN & GOA,52,35.9,45,E,1577.2,1516.2,4,N,,,
,MAHARASHTRA,16.6,12,38,E,444.1,458.4,-3,N,,,
,,,DAY: 24-07-2026,,,,PERIOD: 01-06-2026 to 24-07-2026,,,,,
S.No,MET.SUBDIVISION/UT/STATE/DISTRICT,ACTUAL(mm),NORMAL(mm),%DEP.,CAT.,ACTUAL(mm),NORMAL(mm),%DEP.,CAT.,,,
1,MUMBAI CITY,54.8,24.7,122,LE,1556.4,1125.9,38,E,,,
2,MUMBAI SUBURBAN,21.2,26.6,-20,D,1872.9,1209,55,E,,,
3,PALGHAR,145.5,30.9,371,LE,1977.2,1105.8,79,LE,,,
4,RAIGAD,66.5,36.1,84,LE,1938.2,1553.9,25,E,,,
5,RATNAGIRI,34.2,42,-19,N,1640.9,1723.3,-5,N,,,
6,SINDHUDURG,9.1,35.7,-74,LD,1061.9,1696.5,-37,D,,,
7,THANE,50.1,30.7,63,LE,1424.2,1193.8,19,N,,,
,GOA,11.1,36.4,-70,LD,1096,1735.4,-37,D,,,
1,NORTH GOA,6.7,35.5,-81,LD,964.6,1766.7,-45,D,,,
2,SOUTH GOA,15,37.2,-60,LD,1212,1707.7,-29,D,,,
,MADHYA MAHARASHTRA,26.4,9,193,LE,397,330.2,20,E,,,
1,AHMEDNAGAR,13,5.1,156,LE,173.3,185.3,-6,N,,,
2,DHULE,24.7,7.6,226,LE,217.2,246.2,-12,N,,,
3,JALGAON,7.5,7.3,3,N,219.1,260.2,-16,N,,,
4,KOLHAPUR,15.5,23.6,-34,D,829.2,876.4,-5,N,,,
5,NANDURBAR,29.6,10.5,182,LE,144.6,359.8,-60,LD,,,
6,NASHIK,106.6,10.6,906,LE,719.2,381.4,89,LE,,,
7,PUNE,25.1,11.4,121,LE,682.6,420.1,62,LE,,,
8,SANGLI,2.2,4.7,-54,D,212.4,215.3,-1,N,,,
9,SATARA,16.7,9,85,LE,553.8,400.7,38,E,,,
10,SHOLAPUR,0,5,-100,NR,118.1,166.8,-29,D,,,
,MARATHWADA,2.7,8.5,-68,LD,177.9,262.7,-32,D,,,
1,BEED,0.4,9.4,-96,LD,127.5,223.6,-43,D,,,
2,CHHATRAPATI SAMBHAJINAGAR,13.7,7,96,LE,262.1,228.4,15,N,,,
3,DHARASHIV,0.3,6.3,-96,LD,177,219.4,-19,N,,,
4,HINGOLI,0.8,10.4,-93,LD,159.2,345.6,-54,D,,,
,,,,,DAY: 24-07-2026,,,,PERIOD: 01-06-2026 to 24-07-2026,,,
S.No,,MET.SUBDIVISION/UT/STATE/DISTRICT,,ACTUAL(mm),NORMAL(mm),%DEP.,CAT.,ACTUAL(mm),NORMAL(mm),%DEP.,,CAT.
5,JALNA,,3.3,,7.8,-58,D,149.7,249.8,-40,D,
6,LATUR,,0,,8.6,-100,NR,155.3,266,-42,D,
7,NANDED,,0.1,,11.1,-99,LD,193.6,325.9,-41,D,
8,PARBHANI,,0,,6.9,-100,NR,176.2,280.2,-37,D,
,VIDARBHA,,1.8,,10.6,-83,LD,311,416.8,-25,D,
1,AKOLA,,0.8,,8.8,-91,LD,212.6,316.4,-33,D,
2,AMRAOTI,,1.9,,11.1,-83,LD,245.2,353.1,-31,D,
3,BHANDARA,,6.5,,11.6,-44,D,411.7,473.2,-13,N,
4,BULDHANA,,1.9,,7.7,-76,LD,233.3,284.3,-18,N,
5,CHANDRAPUR,,0.6,,11.1,-94,LD,327.9,475.1,-31,D,
6,GADCHIROLI,,1.1,,12.1,-91,LD,354.9,558.4,-36,D,
7,GONDIA,,5.3,,14.3,-63,LD,566.3,533.5,6,N,
8,NAGPUR,,4,,10.8,-63,LD,326.3,422.6,-23,D,
9,WARDHA,,2,,9.3,-78,LD,316.2,380.4,-17,N,
10,WASHIM,,0,,8.4,-99,LD,225.4,365.1,-38,D,
11,YEOTMAL,,0.4,,10,-96,LD,295,379.7,-22,D,
,CHHATTISGARH,,2.3,,12.3,-81,LD,397.7,477,-17,N,
1,BALOD,,2.2,,11.2,-80,LD,437.5,432.8,1,N,
2,BALODA BAZAR,,1,,9,-89,LD,500.6,402,25,E,
3,BALRAMPUR,,3.4,,10.1,-66,LD,422,385.3,10,N,
4,BASTAR,,1.8,,10.9,-84,LD,316.9,517,-39,D,
5,BEMETARA,,0,,11.9,-100,NR,269.4,447.6,-40,D,
6,BIJAPUR,,3.2,,16.9,-81,LD,384.9,540.4,-29,D,
7,BILASPUR,,1.7,,13.8,-88,LD,499.9,437.8,14,N,
8,DANTEWADA,,2.3,,15.9,-86,LD,399.7,528.6,-24,D,
9,DHAMTARI,,0.6,,10.8,-95,LD,404.4,456.6,-11,N,
,,,DAY: 24-07-2026,,,,PERIOD: 01-06-2026 to 24-07-2026,,,,,
S.No,MET.SUBDIVISION/UT/STATE/DISTRICT,ACTUAL(mm),NORMAL(mm),%DEP.,CAT.,ACTUAL(mm),NORMAL(mm),%DEP.,CAT.,,,
10,DURG,0.4,8,-95,LD,416.3,436.9,-5,N,,,
11,GARIABAND,1.1,11,-90,LD,457.1,441.3,4,N,,,
12,GAURELA PENDRA MARWAHI,0.5,13.8,-96,LD,404.7,454.8,-11,N,,,
13,JANJGIR,2.2,10.3,-78,LD,589.3,435.6,35,E,,,
14,JASHPUR,5.3,16.3,-68,LD,329.9,617,-47,D,,,
15,KABIRDHAM,0.7,10.7,-94,LD,283.4,352.4,-20,D,,,
16,KANKER,0,13.3,-100,NR,293,540.5,-46,D,,,
17,KHAIRAGARH CHH GANDAI,3.7,8,-54,D,302.8,305,-1,N,,,
18,KONDAGAON,0.3,12.8,-97,LD,294.5,480,-39,D,,,
19,KORBA,5.4,15.4,-65,LD,470.8,527.9,-11,N,,,
20,KORIYA,2.2,14.4,-85,LD,410.7,481,-15,N,,,
21,MAHASAMUND,1,8.7,-89,LD,472.1,442,7,N,,,
22,MANENDRAGARH BHARATPUR,1.7,14.3,-88,LD,372.5,481,-23,D,,,
23,MOHALA MANPUR CHOWKI,4.1,10.5,-61,LD,305.8,456.2,-33,D,,,
24,MUNGELI,0.5,10.8,-95,LD,530.7,420,26,E,,,
25,NARAYANPUR,1.1,12.8,-92,LD,423.3,508.1,-17,N,,,
26,RAIGARH,11.7,11.4,3,N,445.3,495.3,-10,N,,,
27,RAIPUR,0.7,8.9,-92,LD,469.2,423.8,11,N,,,
28,RAJNANDGAON,2.7,16,-83,LD,393,454.6,-14,N,,,
29,SAKTI,4,14.5,-72,LD,487.4,459.6,6,N,,,
30,SARANGARH BILAIGARH,0.3,12.4,-98,LD,636.3,393.4,62,LE,,,
31,SUKMA,0.5,10.1,-95,LD,310.9,494.4,-37,D,,,
32,SURAJPUR,1,12.6,-92,LD,451.7,513.3,-12,N,,,
33,SURGUJA,1.7,13.4,-87,LD,264.9,525.1,-50,D,,,
,ANDHRA PRADESH,0.6,5.2,-89,LD,126.9,194.6,-35,D,,,
,COASTAL ANDHRA PRADESH & YANAM,0.3,6.2,-95,LD,145.3,231.9,-37,D,,,
,,,,DAY: 24-07-2026,,,,PERIOD: 01-06-2026 to 24-07-2026,,,,
S.No,MET.SUBDIVISION/UT/STATE/DISTRICT,,ACTUAL(mm),NORMAL(mm),%DEP.,CAT.,ACTUAL(mm),NORMAL(mm),%DEP.,CAT.,,
,ANDHRA PRADESH,0.6,,5.2,-89,LD,126.9,194.6,-35,D,,
1,ANAKAPALLI,0.3,,4.3,-93,LD,160.1,248.8,-36,D,,
2,BAPATLA,0,,8,-100,NR,97.3,193.6,-50,D,,
3,DR B R AMBEDKAR KONASEEMA,1.4,,7.5,-81,LD,200.8,308.7,-35,D,,
4,EAST GODAVARI,3,,8.3,-64,LD,171.9,292.7,-41,D,,
5,ELURU,0.1,,11,-99,LD,224.9,349.7,-36,D,,
6,GUNTUR,1.3,,10,-87,LD,178.6,231,-23,D,,
7,KAKINADA,0.1,,5.5,-99,LD,202,273.7,-26,D,,
8,KRISHNA,0.8,,11.7,-93,LD,174.5,270.4,-35,D,,
9,NTR DISTRICT,0,,11.6,-100,NR,179.7,281.8,-36,D,,
10,PALNADU,0,,6.5,-100,NR,161.8,208.9,-23,D,,
11,PARVATHIPURAM MANYAM,0,,4.6,-100,NR,160.1,312.1,-49,D,,
12,PRAKASAM,0.4,,3.4,-88,LD,75.3,136.9,-45,D,,
13,SPSR NELLORE,0,,2.5,-100,NR,95.1,122.5,-22,D,,
14,SRI ALLURI SITHARAMARAJU DISTRICT,0,,7.8,-100,NR,168.8,368.6,-54,D,,
15,SRIKAKULAM,0.2,,4.4,-95,LD,159,281.9,-44,D,,
16,VISHAKHAPATNAM,1.7,,3.8,-54,D,139.3,218.5,-36,D,,
17,VIZIANAGARAM,0,,4.3,-100,NR,196.2,267,-27,D,,
18,WEST GODAVARI,0.1,,9.9,-99,LD,83.2,295.1,-72,LD,,
,PUDUCHERRY (UT),1.1,,4.8,-77,LD,64.4,135,-52,D,,
1,YANAM,5.6,,7.9,-29,D,149.6,291.7,-49,D,,
,RAYALASEEMA,0.9,,3.6,-75,LD,102.8,141.6,-27,D,,
1,ANANTAPURAMU,1.4,,3.2,-58,D,112.1,111.8,0,N,,
2,ANNAMAYYA DISTRICT,0.2,,3.2,-94,LD,53.8,133.9,-60,LD,,
3,CHITTOOR,0,,4.9,-100,NR,88.2,161.7,-45,D,,
4,KURNOOL,0.5,,4.1,-88,LD,137.3,154.9,-11,N,,
,,,,DAY: 24-07-2026,,,,PERIOD: 01-06-2026 to 24-07-2026,,,,
S.No,MET.SUBDIVISION/UT/STATE/DISTRICT,,ACTUAL(mm),NORMAL(mm),%DEP.,CAT.,ACTUAL(mm),NORMAL(mm),%DEP.,CAT.,,
,ANDHRA PRADESH,0.6,,5.2,-89,LD,126.9,194.6,-35,D,,
1,ANAKAPALLI,0.3,,4.3,-93,LD,160.1,248.8,-36,D,,
2,BAPATLA,0,,8,-100,NR,97.3,193.6,-50,D,,
3,DR B R AMBEDKAR KONASEEMA,1.4,,7.5,-81,LD,200.8,308.7,-35,D,,
4,EAST GODAVARI,3,,8.3,-64,LD,171.9,292.7,-41,D,,
5,ELURU,0.1,,11,-99,LD,224.9,349.7,-36,D,,
6,GUNTUR,1.3,,10,-87,LD,178.6,231,-23,D,,
7,KAKINADA,0.1,,5.5,-99,LD,202,273.7,-26,D,,
8,KRISHNA,0.8,,11.7,-93,LD,174.5,270.4,-35,D,,
9,NTR DISTRICT,0,,11.6,-100,NR,179.7,281.8,-36,D,,
10,PALNADU,0,,6.5,-100,NR,161.8,208.9,-23,D,,
11,PARVATHIPURAM MANYAM,0,,4.6,-100,NR,160.1,312.1,-49,D,,
12,PRAKASAM,0.4,,3.4,-88,LD,75.3,136.9,-45,D,,
13,SPSR NELLORE,0,,2.5,-100,NR,95.1,122.5,-22,D,,
14,SRI ALLURI SITHARAMARAJU DISTRICT,0,,7.8,-100,NR,168.8,368.6,-54,D,,
15,SRIKAKULAM,0.2,,4.4,-95,LD,159,281.9,-44,D,,
16,VISHAKHAPATNAM,1.7,,3.8,-54,D,139.3,218.5,-36,D,,
17,VIZIANAGARAM,0,,4.3,-100,NR,196.2,267,-27,D,,
18,WEST GODAVARI,0.1,,9.9,-99,LD,83.2,295.1,-72,LD,,
,PUDUCHERRY (UT),1.1,,4.8,-77,LD,64.4,135,-52,D,,
1,YANAM,5.6,,7.9,-29,D,149.6,291.7,-49,D,,
,RAYALASEEMA,0.9,,3.6,-75,LD,102.8,141.6,-27,D,,
1,ANANTAPURAMU,1.4,,3.2,-58,D,112.1,111.8,0,N,,
2,ANNAMAYYA DISTRICT,0.2,,3.2,-94,LD,53.8,133.9,-60,LD,,
3,CHITTOOR,0,,4.9,-100,NR,88.2,161.7,-45,D,,
4,KURNOOL,0.5,,4.1,-88,LD,137.3,154.9,-11,N,,
,,,,DAY: 24-07-2026,,,,PERIOD: 01-06-2026 to 24-07-2026,,,,
S.No,MET.SUBDIVISION/UT/STATE/DISTRICT,,ACTUAL(mm),NORMAL(mm),%DEP.,CAT.,ACTUAL(mm),NORMAL(mm),%DEP.,,CAT.,
5,NANDYAL,0.4,,4.7,-91,LD,147.6,183,-19,N,,
6,SRI SATHYASAI DISTRICT,2.3,,1.8,27,E,84.4,106.1,-20,D,,
7,TIRUPATI,2.1,,4.6,-55,D,111.9,160.7,-30,D,,
8,YSR DISTRICT,0.3,,3.3,-92,LD,80.3,137.3,-42,D,,
,TELANGANA,0.1,,10.9,-99,LD,216.3,297.4,-27,D,,
1,ADILABAD,0,,10.3,-100,NR,291.3,416.1,-30,D,,
2,B. KOTHAGUDEM,0.4,,12.8,-97,LD,295.9,389.3,-24,D,,
3,HANUMAKONDA,0,,12.3,-100,NR,140.9,282.3,-50,D,,
4,HYDERABAD,0.5,,11,-95,LD,139.6,244.9,-43,D,,
5,J. BHUPALPALLY,0.1,,15,-99,LD,304.1,387.3,-21,D,,
6,JAGTIAL,0,,15.7,-100,NR,276.8,342.4,-19,N,,
7,JANGAON,0,,8.2,-99,LD,155.9,280.7,-44,D,,
8,JOGULAMBA GADWAL,0.2,,5,-97,LD,121.3,171.2,-29,D,,
9,KAMAREDDY,0.1,,13.5,-99,LD,284.5,313.1,-9,N,,
10,KARIMNAGAR,0,,12.7,-100,NR,181.3,290.4,-38,D,,
11,KHAMMAM,0.1,,11.7,-99,LD,241.3,309.7,-22,D,,
12,KUMARAM BHEEM,0.1,,11.1,-99,LD,348.5,430.2,-19,N,,
13,M. MALKAJGIRI,0.5,,5.4,-91,LD,86.8,199.5,-57,D,,
14,MAHABUBABAD,0.2,,15.1,-99,LD,274.3,344.8,-20,D,,
15,MAHABUBNAGAR,0.4,,5.3,-93,LD,146.7,193.7,-24,D,,
16,MANCHERIAL,0,,14.4,-99,LD,321.7,409.2,-21,D,,
17,MEDAK,0,,15.7,-99,LD,239.3,314.7,-24,D,,
18,MULUGU,0.5,,12.2,-96,LD,433.2,398.8,9,N,,
19,NAGARKURNOOL,0.4,,5.4,-92,LD,131.7,179.8,-27,D,,
20,NALGONDA,0.2,,9.4,-98,LD,128.7,187.7,-31,D,,
21,NARAYANPET,0,,6.4,-100,NR,158.8,176.8,-10,N,,
,,,,DAY: 24-07-2026,,,,PERIOD: 01-06-2026 to 24-07-2026,,,,
S.No,MET.SUBDIVISION/UT/STATE/DISTRICT,,ACTUAL(mm),NORMAL(mm),%DEP.,CAT.,ACTUAL(mm),NORMAL(mm),%DEP.,CAT.,,
22,NIRMAL,0.1,,13.1,-99,LD,171.1,375,-54,D,,
23,NIZAMABAD,0,,15.8,-99,LD,252.9,342.1,-26,D,,
24,PEDDAPALLE,0,,13.1,-100,NR,251,374.3,-33,D,,
25,RAJANNA SIRCILLA,0,,10.9,-100,NR,188.8,281.1,-33,D,,
26,RANGAREDDY,0.1,,6.5,-99,LD,150.9,210,-28,D,,
27,SANGAREDDY,0.1,,13.6,-99,LD,215.5,285.9,-25,D,,
28,SIDDIPET,0,,11.9,-100,NR,171.9,247.2,-30,D,,
29,SURYAPET,0,,7.6,-99,LD,177.3,243.5,-27,D,,
30,VIKARABAD,0.1,,8.3,-99,LD,164.1,257.8,-36,D,,
31,WANAPARTHY,0.2,,7.3,-97,LD,111.1,205.8,-46,D,,
32,WARANGAL,0.2,,14.6,-98,LD,178.8,376.6,-53,D,,
33,Y. BHUVANAGIRI,0.2,,7.7,-97,LD,82.5,220.6,-63,LD,,
,TAMILNADU & PUDUCHERRY & KARAIKAL,0.2,,3.1,-92,LD,90.9,103,-12,N,,
,TAMILNADU,0.2,,3.1,-92,LD,91,103,-12,N,,
1,ARIYALUR,0,,2,-100,NR,88.4,80.8,9,N,,
2,CHENGALPATTU,0,,3.3,-100,NR,39,123.1,-68,LD,,
3,CHENNAI,0,,4.7,-100,NR,90.7,142.2,-36,D,,
4,COIMBATORE,2.5,,7.7,-68,LD,327.2,341.3,-4,N,,
5,CUDDALORE,0,,3.7,-100,NR,113.5,97.9,16,N,,
6,DHARMAPURI,0,,1.7,-100,NR,106.1,103.3,3,N,,
7,DINDIGUL,0,,3.6,-100,NR,70.5,80.6,-12,N,,
8,ERODE,0.1,,2.2,-96,LD,74.3,83.7,-11,N,,
9,KALLAKURICHI,0,,3.3,-100,NR,85.9,106.8,-20,D,,
10,KANCHEEPURAM,0,,2.6,-100,NR,79,147,-46,D,,
11,KANYAKUMARI,0,,3.3,-100,NR,270.9,258.7,5,N,,
12,KARUR,0,,2.7,-100,NR,33,44.2,-25,D,,
,,,,,DAY: 24-07-2026,,,,PERIOD: 01-06-2026 to 24-07-2026,,,
S.No,MET.SUBDIVISION/UT/STATE/DISTRICT,,ACTUAL(mm),,NORMAL(mm),%DEP.,CAT.,ACTUAL(mm),NORMAL(mm),%DEP.,CAT.,
13,KRISHNAGIRI,0,,2.4,,-100,NR,92.1,92.7,-1,N,
14,MADURAI,0,,2,,-100,NR,71.6,81.7,-12,N,
15,MAYILADUTHURAI,0,,2.8,,-100,NR,61.3,76.3,-20,D,
16,NAGAPATTINAM,0,,2,,-100,NR,39.7,69.3,-43,D,
17,NAMAKKAL,0,,3.4,,-100,NR,42.4,84.8,-50,D,
18,NILGIRIS,7.5,,9.8,,-24,D,275.9,384.5,-28,D,
19,PERAMBALUR,0,,1.6,,-100,NR,73.2,61.7,19,N,
20,PUDUKKOTTAI,0,,2.6,,-100,NR,88.4,83.2,6,N,
21,RAMANATHAPURAM,0,,1.3,,-100,NR,10.3,34.2,-70,LD,
22,RANIPET,0,,4,,-100,NR,75.5,148.2,-49,D,
23,SALEM,0,,3.6,,-99,LD,98,116.4,-16,N,
24,SIVAGANGA,0,,3,,-100,NR,89.2,101.3,-12,N,
25,TENKASI,0,,1.7,,-100,NR,79.1,79.1,0,N,
26,THANJAVUR,0,,3.1,,-100,NR,76.2,79.6,-4,N,
27,THENI,0,,2.3,,-99,LD,76.9,69.8,10,N,
28,THIRUCHIRAPALLI,0,,2.4,,-100,NR,66,64.6,2,N,
29,THIRUVALLUR,0,,5.1,,-100,NR,121.6,153.3,-21,D,
30,THOOTHUKUDI,0,,0.7,,-100,NR,7.1,14,-50,D,
31,TIRUNELVELI,0,,1,,-100,NR,247.9,35.9,591,LE,
32,TIRUPATTUR,0,,4.7,,-100,NR,62.6,127,-51,D,
33,TIRUPPUR,0,,1.4,,-100,NR,20.6,38.8,-47,D,
34,TIRUVANNAMALAI,0,,5,,-100,NR,80.4,131.5,-39,D,
35,TIRUVARUR,0,,2.9,,-100,NR,69.7,78.5,-11,N,
36,VELLORE,0.1,,4.6,,-98,LD,69.8,137.8,-49,D,
37,VILLUPURAM,0,,2.9,,-100,NR,70.6,114.9,-39,D,
38,VIRUDHUNAGAR,0,,1.8,,-100,NR,52.1,48.7,7,N,
,,,DAY: 24-07-2026,,,,PERIOD: 01-06-2026 to 24-07-2026,,,,,
S.No,MET.SUBDIVISION/UT/STATE/DISTRICT,ACTUAL(mm),NORMAL(mm),%DEP.,CAT.,ACTUAL(mm),NORMAL(mm),%DEP.,CAT.,,,
,PUDUCHERRY (UT),1.1,4.8,-77,LD,64.4,135,-52,D,,,
1,KARAIKAL,0,5,-100,NR,84.4,90,-6,N,,,
2,PUDUCHERRY,0,3.7,-100,NR,11.9,102.1,-88,LD,,,
,KARNATAKA,8.9,8.5,4,N,300.6,396.8,-24,D,,,
,NORTHERN INTERIOR KARNATAKA,2.1,4.7,-56,D,175.7,193.9,-9,N,,,
1,BAGALKOTE,0,2.4,-100,NR,159.5,131.8,21,E,,,
2,BELAGAVI,5,5.6,-11,N,366.4,281.1,30,E,,,
3,BIDAR,0,8.5,-100,NR,204.8,247.7,-17,N,,,
4,DHARWAD,2.8,4.9,-44,D,157.1,244.6,-36,D,,,
5,GADAG,2.9,2.5,16,N,123.3,133.8,-8,N,,,
6,HAVERI,15,4.6,225,LE,147.6,237,-38,D,,,
7,KALABURAGI,0,6.1,-100,NR,103.6,212.7,-51,D,,,
8,KOPPAL,0.1,2.9,-97,LD,90,127.3,-29,D,,,
9,RAICHUR,0,4.9,-100,NR,139.5,145.3,-4,N,,,
10,VIJAYAPURA,0.2,2.8,-93,LD,130.5,143.3,-9,N,,,
11,YADGIR,0,5.9,-100,NR,183.9,185.2,-1,N,,,
,SOUTHERN INTERIOR KARNATAKA,9.3,6.6,41,E,221.8,304.3,-27,D,,,
1,BALLARI,0.6,2.8,-79,LD,75.7,119.2,-36,D,,,
2,BENGALURU RURAL,0,3.3,-100,NR,114.3,135.6,-16,N,,,
3,BENGALURU URBAN,0,2.6,-99,LD,68.4,139.2,-51,D,,,
4,CHAMARAJANAGAR,0.3,2.8,-90,LD,103.2,117.9,-12,N,,,
5,CHIKABALLAPURA,0.1,2.7,-98,LD,113.8,128.9,-12,N,,,
6,CHIKKAMAGALURU,30.6,15.6,96,LE,699.8,768.6,-9,N,,,
7,CHITRADURGA,7.2,2.7,165,LE,70.9,99.8,-29,D,,,
8,DAVANGERE,12.8,3.3,287,LE,115.5,150.4,-23,D,,,
9,HASSAN,4.1,6.8,-40,D,138.5,324.3,-57,D,,,
,,,DAY: 24-07-2026,,,,PERIOD: 01-06-2026 to 24-07-2026,,,,,
S.No,MET.SUBDIVISION/UT/STATE/DISTRICT,ACTUAL(mm),NORMAL(mm),%DEP.,CAT.,ACTUAL(mm),NORMAL(mm),%DEP.,CAT.,,,
10,KODAGU,28.8,25.9,11,N,800.6,1230.1,-35,D,,,
11,KOLAR,0,3.3,-100,NR,68.8,131.1,-48,D,,,
12,MANDYA,0,2.4,-100,NR,68.1,96.4,-29,D,,,
13,MYSURU,4.7,3.4,38,E,83,161.4,-49,D,,,
14,RAMANAGARA,0,3.4,-100,NR,19,139.7,-86,LD,,,
15,SHIVAMOGGA,30.1,17.6,71,LE,749.1,851.8,-12,N,,,
16,TUMAKURU,6.2,2.9,113,LE,75,118.2,-37,D,,,
17,VIJAYANAGARA,4.7,3.2,47,E,58.9,131.3,-55,D,,,
,COASTAL KARNATAKA,35.4,34.8,2,N,1232.7,1723.4,-28,D,,,
1,DAKSHINA KANNADA,34.4,36.8,-7,N,1289.2,1846.3,-30,D,,,
2,UDUPI,60.1,41.4,45,E,1398.3,2125.1,-34,D,,,
3,UTTARA KANNADA,27.2,31.7,-14,N,1148.1,1525.2,-25,D,,,
,KERALA & MAHE,14.5,19.5,-26,D,753.4,1161.5,-35,D,,,
,KERALA,14.5,19.5,-26,D,753.3,1161.5,-35,D,,,
1,ALAPUZHA,1.4,13.9,-90,LD,620.9,940.8,-34,D,,,
2,ERNAKULAM,8.8,22.2,-61,LD,814.7,1226.8,-34,D,,,
3,IDUKKI,2.9,25,-88,LD,537.1,1353.8,-60,LD,,,
4,KANNUR,45.2,27.7,63,LE,1198.4,1601.7,-25,D,,,
5,KASARGOD,31.8,29.8,7,N,1324.2,1746,-24,D,,,
6,KOLLAM,2.2,12.9,-83,LD,419.9,697.1,-40,D,,,
7,KOTTAYAM,0.8,16.4,-95,LD,845.4,1091.4,-23,D,,,
8,KOZHIKODE,34,27.1,25,E,1211,1574.8,-23,D,,,
9,MALAPPURAM,24.5,18.5,33,E,820.7,1145.4,-28,D,,,
10,PALAKKAD,11.2,14,-20,D,549.5,873.1,-37,D,,,
11,PATHANAMTHITTA,1.4,13.5,-90,LD,657.3,885.1,-26,D,,,
12,THIRUVANANTHAPURAM,0.6,5.9,-90,LD,409.8,468,-12,N,,,
,,,,DAY: 24-07-2026,,,,PERIOD: 01-06-2026 to 24-07-2026,,,,
S.No,,MET.SUBDIVISION/UT/STATE/DISTRICT,ACTUAL(mm),NORMAL(mm),%DEP.,CAT.,ACTUAL(mm),NORMAL(mm),%DEP.,,CAT.,
13,THRISSUR,,10.2,18.2,-44,D,805,1245.2,-35,D,,
14,WYNAD,,30.7,26.1,18,N,576.6,1403,-59,D,,
,PUDUCHERRY (UT),,1.1,4.8,-77,LD,64.4,135,-52,D,,
1,MAHE,,42.2,25.2,67,LE,1132.2,1486.8,-24,D,,
,LAKSHADWEEP,,0.1,12.6,-99,LD,381.5,573.1,-33,D,,
1,LAKSHADWEEP,,0.1,12.6,-99,LD,381.5,573.1,-33,D,,
,LEGEND,,,,,,,,,,,
CATEGORY,% DEPARTURES OF RAINFALL,COLOUR CODE,,,,,,,,,,
Large Excess,>= 60%,,,,,,,,,,,
(LE or L.Excess),,,,,,,,,,,,
Excess (E),>= 20% and <= 59%,,,,,,,,,,,
Normal (N),>= -19% and <= +19%,,,,,,,,,,,
Deficient (D),>= -59% and <= -20%,,,,,,,,,,,
Large Deficient,>= -99% and <= -60%,,,,,,,,,,,
(LD or L.Deficient),,,,,,,,,,,,
No Rain(NR),= -100%,,,,,,,,,,,
Not Available,ND,,,,,,,,,,,
Note :,The rainfall values are rounded off up to one place of decimal.,,,,,,,,,,,
