State,District,Actual,Normal,Dept,Category,Cumulative_Actual,Cumulative_Normal,Cumulative_Dept,Cumulative_Category,Source_Page,SNo,Data_Date
ANDAMAN & NICOBAR ISLANDS,NICOBAR,0.0,10.0,-100.0,NR,228.6,463.0,-51.0,D,1,1,2026-07-22
ANDAMAN & NICOBAR ISLANDS,NORTH & MIDDLE ANDAMAN,0.0,13.6,-100.0,NR,1206.4,803.1,50.0,E,1,2,2026-07-22
ANDAMAN & NICOBAR ISLANDS,SOUTH ANDAMAN,4.3,10.4,-59.0,D,626.3,699.8,-11.0,N,1,3,2026-07-22
ARUNACHAL PRADESH,ANJAW,4.8,23.3,-79.0,LD,67.2,778.9,-91.0,LD,1,1,2026-07-22
ARUNACHAL PRADESH,CHANGLANG,3.2,14.6,-78.0,LD,582.9,679.3,-14.0,N,1,2,2026-07-22
ARUNACHAL PRADESH,DIBANG VALLEY,9.3,,,,0.0,666.4,-100.0,NR,1,3,2026-07-22
ARUNACHAL PRADESH,EAST KAMENG,23.4,10.6,120.0,LE,823.7,606.8,36.0,E,1,4,2026-07-22
ARUNACHAL PRADESH,EAST SIANG,0.4,37.0,-99.0,LD,1380.9,1617.3,-15.0,N,1,5,2026-07-22
ARUNACHAL PRADESH,KURUNG KUMEY,0.0,14.0,-100.0,NR,232.6,533.6,-56.0,D,1,6,2026-07-22
ARUNACHAL PRADESH,LOHIT,21.9,16.6,32.0,E,541.3,804.5,-33.0,D,1,7,2026-07-22
ARUNACHAL PRADESH,LOWER DIBANG VALLEY,21.4,,,,27.9,1235.7,-98.0,LD,1,8,2026-07-22
ARUNACHAL PRADESH,LOWER SUBANSIRI,2.8,9.4,-70.0,LD,211.6,328.8,-36.0,D,1,9,2026-07-22
ARUNACHAL PRADESH,PAPUMPARA,52.4,21.9,139.0,LE,908.3,1171.1,-22.0,D,1,10,2026-07-22
ARUNACHAL PRADESH,TAWANG,8.9,9.6,-7.0,N,141.9,456.6,-69.0,LD,1,11,2026-07-22
ARUNACHAL PRADESH,TIRAP,35.0,22.8,54.0,E,1122.7,984.7,14.0,N,1,12,2026-07-22
ARUNACHAL PRADESH,UPPER SIANG,0.0,17.0,-100.0,NR,467.8,919.0,-49.0,D,1,13,2026-07-22
ARUNACHAL PRADESH,UPPER SUBANSIRI,0.0,7.4,-100.0,NR,214.4,479.1,-55.0,D,1,14,2026-07-22
ARUNACHAL PRADESH,WEST KAMENG,1.9,13.3,-86.0,LD,234.3,823.6,-72.0,LD,1,15,2026-07-22
ARUNACHAL PRADESH,WEST SIANG,0.0,25.0,-100.0,NR,367.7,984.3,-63.0,LD,1,16,2026-07-22
ASSAM,BAJALI,0.5,17.0,-97.0,LD,666.5,1185.3,-44.0,D,2,1,2026-07-22
ASSAM,BAKSA,4.5,13.1,-66.0,LD,713.6,856.4,-17.0,N,2,2,2026-07-22
ASSAM,BARPETA,0.7,17.0,-96.0,LD,796.3,1185.3,-33.0,D,2,3,2026-07-22
ASSAM,BISWANATH,6.7,,,,730.4,,,,2,4,2026-07-22
ASSAM,BONGAIGAON,11.6,19.2,-40.0,D,618.2,1337.6,-54.0,D,2,5,2026-07-22
ASSAM,CACHAR,31.7,15.3,107.0,LE,840.5,881.7,-5.0,N,2,6,2026-07-22
ASSAM,CHARAIDEO,30.0,9.2,226.0,LE,679.5,452.3,50.0,E,2,7,2026-07-22
ASSAM,CHIRANG,0.0,19.1,-100.0,NR,798.0,1275.8,-37.0,D,2,8,2026-07-22
ASSAM,DARRANG,52.6,6.5,709.0,LE,374.8,711.4,-47.0,D,2,9,2026-07-22
ASSAM,DHEMAJI,0.0,23.9,-100.0,NR,1269.7,1030.1,23.0,E,2,10,2026-07-22
ASSAM,DHUBRI,8.3,12.8,-35.0,D,806.4,1154.6,-30.0,D,2,11,2026-07-22
ASSAM,DIBRUGARH,14.1,14.4,-2.0,N,675.6,716.4,-6.0,N,2,12,2026-07-22
ASSAM,DIMA HASAO,11.6,4.9,137.0,LE,202.4,552.3,-63.0,LD,2,13,2026-07-22
ASSAM,GOALPARA,1.2,16.5,-93.0,LD,466.6,1063.7,-56.0,D,2,14,2026-07-22
ASSAM,GOLAGHAT,14.4,8.0,81.0,LE,399.9,490.3,-18.0,N,2,15,2026-07-22
ASSAM,HAILAKANDI,4.5,16.0,-72.0,LD,611.9,734.2,-17.0,N,2,16,2026-07-22
ASSAM,HOJAI,12.8,4.7,171.0,LE,201.5,338.9,-41.0,D,2,17,2026-07-22
ASSAM,JORHAT,4.3,9.9,-56.0,D,434.4,588.1,-26.0,D,2,18,2026-07-22
ASSAM,KAMRUP METROPOLITAN,20.5,5.5,272.0,LE,395.8,545.9,-28.0,D,2,19,2026-07-22
ASSAM,KAMRUP RURAL,17.6,9.5,85.0,LE,218.8,683.6,-68.0,LD,2,20,2026-07-22
ASSAM,KARBI ANGLONG,41.9,5.6,648.0,LE,224.5,372.1,-40.0,D,2,21,2026-07-22
ASSAM,KOKRAJHAR,0.4,27.3,-98.0,LD,1443.7,1414.8,2.0,N,2,22,2026-07-22
ASSAM,LAKHIMPUR,9.8,15.6,-37.0,D,1118.0,988.7,13.0,N,2,23,2026-07-22
ASSAM,MAJULI,0.0,9.9,-100.0,NR,545.0,588.1,-7.0,N,2,24,2026-07-22
ASSAM,MORIGAON,12.2,7.9,54.0,E,284.3,527.6,-46.0,D,2,25,2026-07-22
ASSAM,NAGAON,3.0,9.7,-69.0,LD,179.2,484.1,-63.0,LD,3,26,2026-07-22
ASSAM,NALBARI,10.1,13.6,-26.0,D,348.8,854.6,-59.0,D,3,27,2026-07-22
ASSAM,SIBSAGAR,0.2,9.3,-98.0,LD,392.3,565.6,-31.0,D,3,28,2026-07-22
ASSAM,SONITPUR,34.1,6.0,469.0,LE,445.0,579.1,-23.0,D,3,29,2026-07-22
ASSAM,SOUTH SALMARA,12.8,,,,1154.6,,,,3,30,2026-07-22
ASSAM,SRIBHUMI,16.5,22.9,-28.0,D,955.2,1097.1,-13.0,N,3,31,2026-07-22
ASSAM,TAMULPUR,23.6,13.1,80.0,LE,708.0,767.3,-8.0,N,3,32,2026-07-22
ASSAM,TINSUKIA,7.7,14.4,-47.0,D,730.2,697.9,5.0,N,3,33,2026-07-22
ASSAM,UDALGURI,28.5,15.6,83.0,LE,307.3,787.0,-61.0,LD,3,34,2026-07-22
ASSAM,WEST KARBI ANGLONG,3.8,5.9,-36.0,D,207.8,323.3,-36.0,D,3,35,2026-07-22
MEGHALAYA,EAST GARO HILLS,0.2,12.7,-99.0,LD,436.5,965.1,-55.0,D,3,1,2026-07-22
MEGHALAYA,EAST JAINTIA HILLS,14.0,56.7,-75.0,LD,865.7,2374.8,-64.0,LD,3,2,2026-07-22
MEGHALAYA,EAST KHASI HILLS,24.5,37.2,-34.0,D,1328.1,2390.3,-44.0,D,3,3,2026-07-22
MEGHALAYA,NORTH GARO HILLS,1.5,11.4,-87.0,LD,353.6,920.1,-62.0,LD,3,4,2026-07-22
MEGHALAYA,RI BHOI,1.2,12.9,-90.0,LD,407.2,695.0,-41.0,D,3,5,2026-07-22
MEGHALAYA,SOUTH GARO HILLS,8.9,11.4,-22.0,D,502.6,920.1,-45.0,D,3,6,2026-07-22
MEGHALAYA,SOUTH WEST GARO HILLS,5.1,11.4,-56.0,D,483.2,920.1,-47.0,D,3,7,2026-07-22
MEGHALAYA,SOUTH WEST KHASI HILLS,27.8,11.4,143.0,LE,1810.4,920.1,97.0,LE,3,8,2026-07-22
MEGHALAYA,WEST GARO HILLS,1.8,17.0,-89.0,LD,331.0,911.5,-64.0,LD,3,9,2026-07-22
MEGHALAYA,WEST JAINTIA HILLS,8.1,56.7,-86.0,LD,582.4,2374.8,-75.0,LD,3,10,2026-07-22
MEGHALAYA,WEST KHASI HILLS,6.5,38.4,-83.0,LD,447.4,1377.5,-68.0,LD,3,11,2026-07-22
MIZORAM,AIZAWL,19.6,13.3,47.0,E,602.6,686.1,-12.0,N,3,1,2026-07-22
MIZORAM,CHAMPHAI,13.2,11.3,17.0,N,477.5,578.1,-17.0,N,3,2,2026-07-22
MIZORAM,KOLASIB,4.6,11.7,-60.0,LD,514.3,730.3,-30.0,D,4,3,2026-07-22
MIZORAM,LAWNGTLAI,15.2,15.1,1.0,N,715.0,801.9,-11.0,N,4,4,2026-07-22
MIZORAM,LUNGLEI,8.6,14.9,-43.0,D,659.3,797.2,-17.0,N,4,5,2026-07-22
MIZORAM,MAMIT,3.3,11.3,-71.0,LD,396.4,673.7,-41.0,D,4,6,2026-07-22
MIZORAM,SAIHA,5.6,15.4,-63.0,LD,532.8,827.5,-36.0,D,4,7,2026-07-22
MIZORAM,SERCHHIP,24.3,13.5,80.0,LE,752.5,711.1,6.0,N,4,8,2026-07-22
MANIPUR,BISHNUPUR,10.4,9.5,9.0,N,174.9,551.2,-68.0,LD,4,1,2026-07-22
MANIPUR,CHANDEL,0.0,9.5,-100.0,NR,237.4,551.2,-57.0,D,4,2,2026-07-22
MANIPUR,CHURACHANDPUR,46.0,9.5,384.0,LE,88.5,551.2,-84.0,LD,4,3,2026-07-22
MANIPUR,IMPHAL EAST,4.9,5.4,-10.0,N,254.8,373.5,-32.0,D,4,4,2026-07-22
MANIPUR,IMPHAL WEST,16.8,18.2,-8.0,N,175.4,816.8,-79.0,LD,4,5,2026-07-22
MANIPUR,SENAPATI,0.8,3.3,-76.0,LD,216.9,348.1,-38.0,D,4,6,2026-07-22
MANIPUR,TAMENGLONG,7.5,15.7,-52.0,D,1097.1,2295.4,-52.0,D,4,7,2026-07-22
MANIPUR,THOUBAL,0.0,5.4,-100.0,NR,129.5,373.5,-65.0,LD,4,8,2026-07-22
MANIPUR,UKHRUL,0.6,8.5,-93.0,LD,268.1,535.8,-50.0,D,4,9,2026-07-22
TRIPURA,DHALAI,2.4,12.9,-82.0,LD,696.2,653.8,6.0,N,4,1,2026-07-22
TRIPURA,GOMATI,4.0,13.9,-72.0,LD,566.6,716.6,-21.0,D,4,2,2026-07-22
TRIPURA,KHOWAI,5.6,10.8,-48.0,D,732.3,666.1,10.0,N,4,3,2026-07-22
TRIPURA,NORTH TRIPURA,3.8,11.9,-68.0,LD,616.6,654.9,-6.0,N,4,4,2026-07-22
TRIPURA,SIPAHIJALA,4.0,19.9,-80.0,LD,578.8,674.3,-14.0,N,4,5,2026-07-22
TRIPURA,SOUTH TRIPURA,9.0,21.0,-57.0,D,630.2,895.2,-30.0,D,4,6,2026-07-22
TRIPURA,UNAKOTI,1.3,14.2,-91.0,LD,799.1,704.1,13.0,N,4,7,2026-07-22
TRIPURA,WEST TRIPURA,8.7,19.2,-55.0,D,687.6,615.9,12.0,N,4,8,2026-07-22
NAGALAND,DIMAPUR,12.8,3.5,267.0,LE,229.4,355.0,-35.0,D,5,1,2026-07-22
NAGALAND,KIPHIRE,0.0,6.0,-100.0,NR,318.0,273.9,16.0,N,5,2,2026-07-22
NAGALAND,KOHIMA,13.8,8.6,60.0,LE,442.2,527.3,-16.0,N,5,3,2026-07-22
NAGALAND,LONGLENG,13.8,,,,0.2,505.5,-99.0,LD,5,4,2026-07-22
NAGALAND,MOKOKCHUNG,8.9,17.2,-48.0,D,711.8,639.1,11.0,N,5,5,2026-07-22
NAGALAND,MON,0.4,9.6,-96.0,LD,246.8,543.2,-55.0,D,5,6,2026-07-22
NAGALAND,PEREN,7.9,6.9,14.0,N,318.6,395.5,-19.0,N,5,7,2026-07-22
NAGALAND,PHEK,0.0,10.5,-100.0,NR,250.2,379.2,-34.0,D,5,8,2026-07-22
NAGALAND,TUENSANG,13.8,,,,58.4,505.5,-88.0,LD,5,9,2026-07-22
NAGALAND,WOKHA,12.0,16.7,-28.0,D,412.4,566.5,-27.0,D,5,10,2026-07-22
NAGALAND,ZUNHEBOTO,0.8,9.2,-91.0,LD,79.4,502.4,-84.0,LD,5,11,2026-07-22
WEST BENGAL,ALIPURDUAR,15.1,28.7,-47.0,D,1649.4,1518.8,9.0,N,5,1,2026-07-22
WEST BENGAL,COOCH BEHAR,13.8,24.5,-44.0,D,1243.6,1153.7,8.0,N,5,2,2026-07-22
WEST BENGAL,DARJEELING,6.1,27.3,-78.0,LD,1297.7,1308.3,-1.0,N,5,3,2026-07-22
WEST BENGAL,JALPAIGURI,4.1,31.9,-87.0,LD,1312.6,1426.4,-8.0,N,5,4,2026-07-22
WEST BENGAL,KALIMPONG,26.8,36.0,-26.0,D,1036.4,1121.3,-8.0,N,5,5,2026-07-22
WEST BENGAL,MALDA,13.2,13.1,1.0,N,479.1,491.6,-3.0,N,5,6,2026-07-22
WEST BENGAL,NORTH DINAJPUR,2.4,11.2,-79.0,LD,545.0,682.4,-20.0,D,5,7,2026-07-22
WEST BENGAL,SOUTH DINAJPUR,16.6,13.5,23.0,E,542.1,494.7,10.0,N,5,8,2026-07-22
SIKKIM,GANGTOK,12.9,18.3,-30.0,D,1034.7,1038.8,0.0,N,5,1,2026-07-22
SIKKIM,GYALSHING,35.8,20.8,72.0,LE,1162.0,797.8,46.0,E,5,2,2026-07-22
SIKKIM,MANGAN,2.2,15.2,-85.0,LD,716.8,721.8,-1.0,N,5,3,2026-07-22
SIKKIM,NAMCHI,48.1,23.5,105.0,LE,1020.1,771.4,32.0,E,5,4,2026-07-22
SIKKIM,Pakyong,24.5,17.4,41.0,E,917.8,741.4,24.0,E,6,5,2026-07-22
SIKKIM,Soreng,28.0,20.8,35.0,E,1148.5,797.8,44.0,E,6,6,2026-07-22
GANGETIC WEST BENGAL,BANKURA,53.5,17.2,211.0,LE,480.7,483.7,-1.0,N,6,1,2026-07-22
GANGETIC WEST BENGAL,BIRBHUM,15.6,17.7,-12.0,N,320.3,483.4,-34.0,D,6,2,2026-07-22
GANGETIC WEST BENGAL,EAST MIDNAPORE,51.7,13.5,283.0,LE,596.8,513.8,16.0,N,6,3,2026-07-22
GANGETIC WEST BENGAL,HOOGHLY,4.9,16.8,-71.0,LD,483.8,454.3,6.0,N,6,4,2026-07-22
GANGETIC WEST BENGAL,HOWRAH,0.5,13.0,-96.0,LD,577.1,477.5,21.0,E,6,5,2026-07-22
GANGETIC WEST BENGAL,JHARGRAM,12.2,14.6,-16.0,N,399.6,481.6,-17.0,N,6,6,2026-07-22
GANGETIC WEST BENGAL,KOLKATA,0.0,14.0,-100.0,NR,603.8,552.0,9.0,N,6,7,2026-07-22
GANGETIC WEST BENGAL,MURSHIDABAD,9.4,14.8,-37.0,D,328.7,439.9,-25.0,D,6,8,2026-07-22
GANGETIC WEST BENGAL,NADIA,4.1,13.5,-70.0,LD,348.9,431.0,-19.0,N,6,9,2026-07-22
GANGETIC WEST BENGAL,NORTH,24.0,,7.2,16.7,-57.0,,624.2,499.9,6,10,2026-07-22
GANGETIC WEST BENGAL,PASCHIM BARDHAMAN,35.9,11.4,215.0,LE,398.6,458.7,-13.0,N,6,11,2026-07-22
GANGETIC WEST BENGAL,PURBA BARDHAMAN,11.2,13.7,-18.0,N,448.8,438.4,2.0,N,6,12,2026-07-22
GANGETIC WEST BENGAL,PURULIA,21.0,14.3,47.0,E,284.1,451.7,-37.0,D,6,13,2026-07-22
GANGETIC WEST BENGAL,SOUTH,24.0,,24.0,21.7,11.0,,580.9,610.8,6,14,2026-07-22
GANGETIC WEST BENGAL,WEST MIDNAPORE,11.4,14.6,-22.0,D,719.4,481.6,49.0,E,6,15,2026-07-22
ODISHA,ANGUL,27.8,14.1,97.0,LE,568.0,441.0,29.0,E,6,1,2026-07-22
ODISHA,BALANGIR,26.5,15.7,69.0,LE,616.8,432.6,43.0,E,6,2,2026-07-22
ODISHA,BALASORE,35.0,10.8,224.0,LE,496.6,469.4,6.0,N,6,3,2026-07-22
ODISHA,BARGARH,56.3,23.9,136.0,LE,758.8,473.8,60.0,LE,6,4,2026-07-22
ODISHA,BHADRAK,32.6,9.1,259.0,LE,528.7,407.1,30.0,E,6,5,2026-07-22
ODISHA,BOUDH,62.5,13.2,373.0,LE,909.5,400.4,127.0,LE,6,6,2026-07-22
ODISHA,CUTTACK,71.6,9.9,623.0,LE,686.8,429.2,60.0,LE,6,7,2026-07-22
ODISHA,DEOGARH,84.9,16.4,418.0,LE,407.5,463.7,-12.0,N,7,8,2026-07-22
ODISHA,DHENKANAL,55.8,11.8,373.0,LE,761.8,432.2,76.0,LE,7,9,2026-07-22
ODISHA,GAJAPATI,15.4,10.3,49.0,E,270.3,357.2,-24.0,D,7,10,2026-07-22
ODISHA,GANJAM,31.7,9.3,241.0,LE,329.3,336.3,-2.0,N,7,11,2026-07-22
ODISHA,JAGATSINGHPUR,19.2,6.8,183.0,LE,608.5,365.7,66.0,LE,7,12,2026-07-22
ODISHA,JAJPUR,36.3,11.2,224.0,LE,584.0,469.8,24.0,E,7,13,2026-07-22
ODISHA,JHARSUGUDA,45.5,19.4,135.0,LE,500.7,469.4,7.0,N,7,14,2026-07-22
ODISHA,KALAHANDI,28.3,16.3,73.0,LE,417.7,553.4,-25.0,D,7,15,2026-07-22
ODISHA,KANDHAMAL,31.2,13.3,135.0,LE,681.3,433.0,57.0,E,7,16,2026-07-22
ODISHA,KENDRAPARA,6.2,9.0,-31.0,D,659.7,393.0,68.0,LE,7,17,2026-07-22
ODISHA,KEONJHARGARH,47.0,14.2,231.0,LE,590.3,454.6,30.0,E,7,18,2026-07-22
ODISHA,KHURDA,48.1,11.1,333.0,LE,522.8,411.9,27.0,E,7,19,2026-07-22
ODISHA,KORAPUT,15.0,17.7,-15.0,N,451.5,466.2,-3.0,N,7,20,2026-07-22
ODISHA,MALKANGIRI,4.1,16.4,-75.0,LD,336.3,473.3,-29.0,D,7,21,2026-07-22
ODISHA,MAYURBHANJ,15.0,11.8,27.0,E,458.5,484.5,-5.0,N,7,22,2026-07-22
ODISHA,NAWAPARA,14.7,16.3,-10.0,N,444.1,420.2,6.0,N,7,23,2026-07-22
ODISHA,NAWARANGPUR,23.7,18.8,26.0,E,333.3,540.2,-38.0,D,7,24,2026-07-22
ODISHA,NAYAGARH,46.3,14.6,217.0,LE,600.6,433.8,38.0,E,7,25,2026-07-22
ODISHA,PURI,40.9,7.9,417.0,LE,593.1,360.5,65.0,LE,7,26,2026-07-22
ODISHA,RAYAGADA,26.1,14.0,86.0,LE,320.4,395.4,-19.0,N,7,27,2026-07-22
ODISHA,SAMBALPUR,58.3,21.8,168.0,LE,579.0,501.3,15.0,N,7,28,2026-07-22
ODISHA,SONEPUR,61.6,22.0,180.0,LE,919.9,460.7,100.0,LE,7,29,2026-07-22
ODISHA,SUNDARGARH,70.4,18.5,281.0,LE,467.9,484.6,-3.0,N,7,30,2026-07-22
JHARKHAND,BOKARO,14.4,6.9,109.0,LE,258.8,363.6,-29.0,D,7,1,2026-07-22
JHARKHAND,CHATRA,0.4,8.0,-96.0,LD,221.3,371.8,-40.0,D,7,2,2026-07-22
JHARKHAND,DEOGHAR,2.2,12.6,-82.0,LD,160.4,413.4,-61.0,LD,8,3,2026-07-22
JHARKHAND,DHANBAD,17.9,9.6,87.0,LE,327.5,424.3,-23.0,D,8,4,2026-07-22
JHARKHAND,DUMKA,5.9,16.0,-63.0,LD,404.7,440.3,-8.0,N,8,5,2026-07-22
JHARKHAND,EAST SINGHBHUM,3.4,9.1,-63.0,LD,264.5,446.0,-41.0,D,8,6,2026-07-22
JHARKHAND,GARHWA,27.1,10.6,155.0,LE,166.6,349.8,-52.0,D,8,7,2026-07-22
JHARKHAND,GIRIDIH,12.7,11.7,9.0,N,212.2,406.6,-48.0,D,8,8,2026-07-22
JHARKHAND,GODDA,17.8,11.5,55.0,E,197.2,379.1,-48.0,D,8,9,2026-07-22
JHARKHAND,GUMLA,18.1,14.0,30.0,E,299.6,437.7,-32.0,D,8,10,2026-07-22
JHARKHAND,HAZARIBAG,11.2,9.6,17.0,N,280.1,424.3,-34.0,D,8,11,2026-07-22
JHARKHAND,JAMTARA,28.2,14.0,102.0,LE,344.0,454.8,-24.0,D,8,12,2026-07-22
JHARKHAND,KHUNTI,38.6,12.7,204.0,LE,348.5,448.4,-22.0,D,8,13,2026-07-22
JHARKHAND,KODERMA,9.2,9.3,-1.0,N,169.4,363.7,-53.0,D,8,14,2026-07-22
JHARKHAND,LATEHAR,11.0,10.0,10.0,N,303.1,410.2,-26.0,D,8,15,2026-07-22
JHARKHAND,LOHARDAGA,17.5,11.8,48.0,E,293.5,412.5,-29.0,D,8,16,2026-07-22
JHARKHAND,PAKUR,11.1,18.7,-41.0,D,187.2,503.0,-63.0,LD,8,17,2026-07-22
JHARKHAND,PALAMU,11.0,8.2,35.0,E,178.0,316.2,-44.0,D,8,18,2026-07-22
JHARKHAND,RAMGARH,12.6,12.2,3.0,N,283.7,411.2,-31.0,D,8,19,2026-07-22
JHARKHAND,RANCHI,22.8,10.9,109.0,LE,320.7,428.1,-25.0,D,8,20,2026-07-22
JHARKHAND,SAHIBGANJ,0.0,16.9,-100.0,NR,2.1,508.1,-99.0,LD,8,21,2026-07-22
JHARKHAND,SERAIKELA-KHARSAWAN,9.2,11.9,-23.0,D,392.5,409.5,-4.0,N,8,22,2026-07-22
JHARKHAND,SIMDEGA,16.1,18.4,-13.0,N,436.1,537.8,-19.0,N,8,23,2026-07-22
JHARKHAND,WEST SINGHBHUM,38.9,10.7,263.0,LE,336.3,400.8,-16.0,N,8,24,2026-07-22
BIHAR,ARARIA,1.9,14.5,-87.0,LD,480.5,625.4,-23.0,D,8,1,2026-07-22
BIHAR,ARWAL,4.2,3.4,24.0,E,120.4,276.6,-56.0,D,8,2,2026-07-22
BIHAR,AURANGABAD,4.9,7.7,-36.0,D,188.6,338.9,-44.0,D,8,3,2026-07-22
BIHAR,BANKA,5.4,10.0,-46.0,D,159.3,359.7,-56.0,D,9,4,2026-07-22
BIHAR,BEGUSARAI,16.0,7.5,113.0,LE,298.9,404.3,-26.0,D,9,5,2026-07-22
BIHAR,BHABUA,5.0,5.6,-11.0,N,149.1,316.3,-53.0,D,9,6,2026-07-22
BIHAR,BHAGALPUR,13.7,12.6,8.0,N,187.0,405.5,-54.0,D,9,7,2026-07-22
BIHAR,BHOJPUR,2.5,4.6,-45.0,D,154.5,343.9,-55.0,D,9,8,2026-07-22
BIHAR,BUXAR,0.8,5.1,-85.0,LD,206.1,312.9,-34.0,D,9,9,2026-07-22
BIHAR,DARBHANGA,3.0,7.1,-58.0,D,208.9,374.3,-44.0,D,9,10,2026-07-22
BIHAR,EAST CHAMPARAN,1.3,8.8,-86.0,LD,299.3,433.6,-31.0,D,9,11,2026-07-22
BIHAR,GAYA,8.8,6.0,47.0,E,150.2,339.9,-56.0,D,9,12,2026-07-22
BIHAR,GOPALGANJ,0.5,6.0,-91.0,LD,322.8,398.2,-19.0,N,9,13,2026-07-22
BIHAR,JAHANABAD,2.1,4.8,-56.0,D,103.1,340.8,-70.0,LD,9,14,2026-07-22
BIHAR,JAMUI,1.8,9.4,-81.0,LD,174.1,391.4,-56.0,D,9,15,2026-07-22
BIHAR,KATIHAR,11.1,13.6,-18.0,N,287.7,478.5,-40.0,D,9,16,2026-07-22
BIHAR,KHAGARIA,14.4,10.7,35.0,E,352.2,419.2,-16.0,N,9,17,2026-07-22
BIHAR,KISHANGANJ,3.6,16.8,-78.0,LD,659.4,806.0,-18.0,N,9,18,2026-07-22
BIHAR,LAKHISARAI,5.4,10.5,-48.0,D,336.5,367.0,-8.0,N,9,19,2026-07-22
BIHAR,MADHEPURA,10.1,10.4,-3.0,N,282.0,448.4,-37.0,D,9,20,2026-07-22
BIHAR,MADHUBANI,0.2,10.6,-98.0,LD,285.0,419.2,-32.0,D,9,21,2026-07-22
BIHAR,MUNGER,15.0,9.0,67.0,LE,279.3,418.4,-33.0,D,9,22,2026-07-22
BIHAR,MUZAFFARPUR,1.2,5.8,-79.0,LD,204.6,404.9,-49.0,D,9,23,2026-07-22
BIHAR,NALANDA,9.1,7.4,22.0,E,180.4,344.0,-48.0,D,9,24,2026-07-22
BIHAR,NAWADA,4.9,6.0,-19.0,N,171.6,341.0,-50.0,D,9,25,2026-07-22
BIHAR,PATNA,2.8,6.6,-57.0,D,186.8,366.8,-49.0,D,9,26,2026-07-22
BIHAR,PURNEA,2.1,14.3,-85.0,LD,369.0,638.5,-42.0,D,9,27,2026-07-22
BIHAR,ROHTAS,3.9,7.5,-48.0,D,166.5,323.8,-49.0,D,9,28,2026-07-22
BIHAR,SAHARSA,1.5,9.9,-84.0,LD,228.8,472.9,-52.0,D,9,29,2026-07-22
BIHAR,SAMASTIPUR,3.4,6.4,-47.0,D,201.5,391.0,-48.0,D,10,30,2026-07-22
BIHAR,SARAN,1.0,6.2,-84.0,LD,210.0,363.8,-42.0,D,10,31,2026-07-22
BIHAR,SHEIKHPURA,9.2,7.9,17.0,N,214.6,351.1,-39.0,D,10,32,2026-07-22
BIHAR,SHEOHAR,9.4,9.3,2.0,N,253.9,449.3,-43.0,D,10,33,2026-07-22
BIHAR,SITAMARHI,0.5,10.1,-95.0,LD,190.2,446.5,-57.0,D,10,34,2026-07-22
BIHAR,SIWAN,0.6,4.1,-85.0,LD,374.0,359.8,4.0,N,10,35,2026-07-22
BIHAR,SUPAUL,1.2,9.4,-88.0,LD,418.5,493.4,-15.0,N,10,36,2026-07-22
BIHAR,VAISHALI,4.1,8.2,-50.0,D,237.8,368.6,-35.0,D,10,37,2026-07-22
BIHAR,WEST CHAMPARAN,0.6,10.7,-94.0,LD,403.1,505.6,-20.0,D,10,38,2026-07-22
WEST UTTAR PRADESH,AGRA,6.5,6.5,-1.0,N,202.4,182.5,11.0,N,10,1,2026-07-22
WEST UTTAR PRADESH,ALIGARH,5.8,6.7,-14.0,N,125.6,200.2,-37.0,D,10,2,2026-07-22
WEST UTTAR PRADESH,AMROHA,3.0,6.8,-56.0,D,124.0,303.7,-59.0,D,10,3,2026-07-22
WEST UTTAR PRADESH,AURAIYA,0.0,5.6,-100.0,NR,216.4,171.6,26.0,E,10,4,2026-07-22
WEST UTTAR PRADESH,BADAUN,8.8,7.0,25.0,E,309.5,250.0,24.0,E,10,5,2026-07-22
WEST UTTAR PRADESH,BAGHPAT,5.0,8.2,-39.0,D,221.3,186.1,19.0,N,10,6,2026-07-22
WEST UTTAR PRADESH,BAREILLY,9.4,7.1,32.0,E,280.8,296.5,-5.0,N,10,7,2026-07-22
WEST UTTAR PRADESH,BIJNOR,4.0,13.8,-71.0,LD,340.3,335.4,1.0,N,10,8,2026-07-22
WEST UTTAR PRADESH,BULANDSHAHAR,2.7,5.3,-49.0,D,202.7,198.2,2.0,N,10,9,2026-07-22
WEST UTTAR PRADESH,ETAH,1.0,5.2,-81.0,LD,279.4,169.6,65.0,LE,10,10,2026-07-22
WEST UTTAR PRADESH,ETAWAH,0.5,7.5,-93.0,LD,187.8,187.1,0.0,N,10,11,2026-07-22
WEST UTTAR PRADESH,FIROZABAD,6.6,6.1,9.0,N,289.8,204.1,42.0,E,10,12,2026-07-22
WEST UTTAR PRADESH,GAUTAM BUDDHA NAGAR,0.0,7.9,-100.0,NR,180.4,170.2,6.0,N,10,13,2026-07-22
WEST UTTAR PRADESH,GHAZIABAD,1.0,7.9,-87.0,LD,67.8,171.0,-60.0,LD,10,14,2026-07-22
WEST UTTAR PRADESH,HAMIRPUR,7.3,8.0,-8.0,N,276.5,237.9,16.0,N,10,15,2026-07-22
WEST UTTAR PRADESH,HAPUR,12.5,13.4,-7.0,N,169.0,243.0,-30.0,D,11,16,2026-07-22
WEST UTTAR PRADESH,HATHRAS,7.3,6.0,22.0,E,270.3,192.6,40.0,E,11,17,2026-07-22
WEST UTTAR PRADESH,JALAUN,0.8,9.9,-92.0,LD,161.4,213.0,-24.0,D,11,18,2026-07-22
WEST UTTAR PRADESH,JHANSI,8.5,10.1,-16.0,N,137.5,256.4,-46.0,D,11,19,2026-07-22
WEST UTTAR PRADESH,KASGANJ,0.7,5.6,-88.0,LD,196.3,229.0,-14.0,N,11,20,2026-07-22
WEST UTTAR PRADESH,LALITPUR,22.0,15.5,42.0,E,307.5,296.1,4.0,N,11,21,2026-07-22
WEST UTTAR PRADESH,MAHOBA,3.9,6.1,-37.0,D,134.3,195.2,-31.0,D,11,22,2026-07-22
WEST UTTAR PRADESH,MAINPURI,1.5,6.8,-78.0,LD,105.2,234.5,-55.0,D,11,23,2026-07-22
WEST UTTAR PRADESH,MATHURA,13.0,6.7,94.0,LE,141.0,179.4,-21.0,D,11,24,2026-07-22
WEST UTTAR PRADESH,MEERUT,13.7,9.2,49.0,E,486.5,228.2,113.0,LE,11,25,2026-07-22
WEST UTTAR PRADESH,MORADABAD,15.2,7.6,99.0,LE,258.8,325.3,-20.0,D,11,26,2026-07-22
WEST UTTAR PRADESH,MUZAFFARNAGAR,10.2,7.9,29.0,E,514.9,241.1,114.0,LE,11,27,2026-07-22
WEST UTTAR PRADESH,PILIBHIT,2.1,7.9,-73.0,LD,102.5,336.5,-70.0,LD,11,28,2026-07-22
WEST UTTAR PRADESH,RAMPUR,3.4,5.3,-35.0,D,221.8,244.9,-9.0,N,11,29,2026-07-22
WEST UTTAR PRADESH,SAHARANPUR,0.0,10.9,-100.0,NR,228.4,295.6,-23.0,D,11,30,2026-07-22
WEST UTTAR PRADESH,SAMBHAL,3.2,6.3,-50.0,D,430.4,247.2,74.0,LE,11,31,2026-07-22
WEST UTTAR PRADESH,SHAHJAHANPUR,0.2,7.3,-97.0,LD,299.7,301.1,0.0,N,11,32,2026-07-22
WEST UTTAR PRADESH,SHAMLI,4.9,6.0,-19.0,N,76.4,202.6,-62.0,LD,11,33,2026-07-22
EAST UTTAR PRADESH,AMBEDKAR NAGAR,1.6,6.2,-74.0,LD,230.9,345.6,-33.0,D,11,1,2026-07-22
EAST UTTAR PRADESH,AMETHI,4.9,6.4,-23.0,D,97.5,252.7,-61.0,LD,11,2,2026-07-22
EAST UTTAR PRADESH,AYODHYA,7.4,10.3,-28.0,D,243.2,336.9,-28.0,D,11,3,2026-07-22
EAST UTTAR PRADESH,AZAMGARH,2.6,7.8,-67.0,LD,225.5,330.7,-32.0,D,11,4,2026-07-22
EAST UTTAR PRADESH,BAHRAICH,2.6,9.7,-74.0,LD,393.2,419.2,-6.0,N,11,5,2026-07-22
EAST UTTAR PRADESH,BALLIA,0.0,5.9,-100.0,NR,328.0,301.6,9.0,N,11,6,2026-07-22
EAST UTTAR PRADESH,BALRAMPUR,3.4,12.5,-73.0,LD,332.6,330.6,1.0,N,11,7,2026-07-22
EAST UTTAR PRADESH,BANDA,6.5,5.7,15.0,N,232.2,273.8,-15.0,N,12,8,2026-07-22
EAST UTTAR PRADESH,BARABANKI,1.9,10.4,-82.0,LD,305.8,308.8,-1.0,N,12,9,2026-07-22
EAST UTTAR PRADESH,BASTI,4.4,7.2,-38.0,D,245.4,349.1,-30.0,D,12,10,2026-07-22
EAST UTTAR PRADESH,BHADOHI,5.7,11.8,-52.0,D,44.3,317.6,-86.0,LD,12,11,2026-07-22
EAST UTTAR PRADESH,CHANDAULI,0.0,7.5,-100.0,NR,220.0,255.8,-14.0,N,12,12,2026-07-22
EAST UTTAR PRADESH,CHITRAKOOT,34.3,5.5,523.0,LE,300.1,292.6,3.0,N,12,13,2026-07-22
EAST UTTAR PRADESH,DEORIA,0.0,3.9,-100.0,NR,115.0,342.6,-66.0,LD,12,14,2026-07-22
EAST UTTAR PRADESH,FARRUKHABAD,8.5,6.9,23.0,E,160.9,262.2,-39.0,D,12,15,2026-07-22
EAST UTTAR PRADESH,FATEHPUR,9.4,6.2,52.0,E,107.5,240.2,-55.0,D,12,16,2026-07-22
EAST UTTAR PRADESH,GHAZIPUR,0.0,7.0,-100.0,NR,171.7,289.7,-41.0,D,12,17,2026-07-22
EAST UTTAR PRADESH,GONDA,0.6,8.2,-93.0,LD,335.9,367.2,-9.0,N,12,18,2026-07-22
EAST UTTAR PRADESH,GORAKHPUR,0.4,7.8,-95.0,LD,480.6,509.7,-6.0,N,12,19,2026-07-22
EAST UTTAR PRADESH,HARDOI,7.9,9.7,-19.0,N,160.3,257.3,-38.0,D,12,20,2026-07-22
EAST UTTAR PRADESH,JAUNPUR,0.0,7.6,-100.0,NR,76.2,274.1,-72.0,LD,12,21,2026-07-22
EAST UTTAR PRADESH,KANNAUJ,8.9,4.8,84.0,LE,191.6,221.1,-13.0,N,12,22,2026-07-22
EAST UTTAR PRADESH,KANPUR CITY,13.0,6.6,96.0,LE,245.8,232.3,6.0,N,12,23,2026-07-22
EAST UTTAR PRADESH,KANPUR DEHAT,2.0,11.9,-83.0,LD,52.4,183.8,-71.0,LD,12,24,2026-07-22
EAST UTTAR PRADESH,KAUSHAMBI,6.0,4.1,46.0,E,55.5,204.3,-73.0,LD,12,25,2026-07-22
EAST UTTAR PRADESH,KHERI,0.0,11.1,-100.0,NR,381.1,381.5,0.0,N,12,26,2026-07-22
EAST UTTAR PRADESH,KUSHI NAGAR,0.0,4.1,-100.0,NR,138.3,321.3,-57.0,D,12,27,2026-07-22
EAST UTTAR PRADESH,LUCKNOW,8.9,5.7,57.0,E,159.1,249.5,-36.0,D,12,28,2026-07-22
EAST UTTAR PRADESH,MAHARAJGANJ,5.3,8.3,-36.0,D,448.4,413.7,8.0,N,12,29,2026-07-22
EAST UTTAR PRADESH,MAU,5.0,9.1,-45.0,D,139.0,325.7,-57.0,D,12,30,2026-07-22
EAST UTTAR PRADESH,MIRZAPUR,12.0,11.2,8.0,N,301.6,330.2,-9.0,N,12,31,2026-07-22
EAST UTTAR PRADESH,PRATAPGARH,7.0,7.2,-3.0,N,192.0,277.9,-31.0,D,12,32,2026-07-22
EAST UTTAR PRADESH,PRAYAGRAJ,12.9,5.9,119.0,LE,153.6,255.9,-40.0,D,12,33,2026-07-22
EAST UTTAR PRADESH,RAE BAREILLY,4.3,6.2,-31.0,D,75.1,154.1,-51.0,D,13,34,2026-07-22
EAST UTTAR PRADESH,SANT KABIR NAGAR,3.3,7.4,-56.0,D,250.9,459.7,-45.0,D,13,35,2026-07-22
EAST UTTAR PRADESH,SHRAWASTI,0.0,11.1,-100.0,NR,311.5,496.4,-37.0,D,13,36,2026-07-22
EAST UTTAR PRADESH,SIDDHARTH NAGAR,0.9,8.2,-89.0,LD,324.9,463.0,-30.0,D,13,37,2026-07-22
EAST UTTAR PRADESH,SITAPUR,4.3,9.1,-52.0,D,164.5,328.4,-50.0,D,13,38,2026-07-22
EAST UTTAR PRADESH,SONBHADRA,22.3,11.6,93.0,LE,242.2,335.1,-28.0,D,13,39,2026-07-22
EAST UTTAR PRADESH,SULTANPUR,0.4,6.8,-94.0,LD,276.0,316.4,-13.0,N,13,40,2026-07-22
EAST UTTAR PRADESH,UNNAO,7.0,7.8,-10.0,N,137.0,229.7,-40.0,D,13,41,2026-07-22
EAST UTTAR PRADESH,VARANASI,3.6,9.8,-63.0,LD,148.3,297.2,-50.0,D,13,42,2026-07-22
UTTARAKHAND,ALMORA,7.1,4.9,45.0,E,377.3,341.7,10.0,N,13,1,2026-07-22
UTTARAKHAND,BAGESHWAR,41.0,4.9,737.0,LE,762.7,341.7,123.0,LE,13,2,2026-07-22
UTTARAKHAND,CHAMOLI,32.1,9.8,228.0,LE,401.2,286.8,40.0,E,13,3,2026-07-22
UTTARAKHAND,CHAMPAWAT,9.9,14.7,-33.0,D,389.5,565.5,-31.0,D,13,4,2026-07-22
UTTARAKHAND,DEHRADUN,18.3,22.0,-17.0,N,522.5,567.2,-8.0,N,13,5,2026-07-22
UTTARAKHAND,GARHWAL PAURI,16.0,15.9,1.0,N,257.0,434.4,-41.0,D,13,6,2026-07-22
UTTARAKHAND,GARHWAL TEHRI,22.7,10.9,108.0,LE,505.6,346.4,46.0,E,13,7,2026-07-22
UTTARAKHAND,HARDWAR,0.0,9.2,-100.0,NR,409.0,363.4,13.0,N,13,8,2026-07-22
UTTARAKHAND,NAINITAL,3.5,12.7,-73.0,LD,464.2,700.5,-34.0,D,13,9,2026-07-22
UTTARAKHAND,PITHORAGARH,31.5,16.9,87.0,LE,538.3,623.7,-14.0,N,13,10,2026-07-22
UTTARAKHAND,RUDRAPRAYAG,28.8,24.3,19.0,N,458.8,595.6,-23.0,D,13,11,2026-07-22
UTTARAKHAND,UDHAM SINGH NAGAR,2.1,7.0,-70.0,LD,477.1,447.1,7.0,N,13,12,2026-07-22
UTTARAKHAND,UTTARKASHI,23.9,19.6,22.0,E,426.3,461.1,-8.0,N,13,13,2026-07-22
HARYANA,AMBALA,1.7,11.5,-85.0,LD,137.4,327.1,-58.0,D,13,1,2026-07-22
HARYANA,BHIWANI,16.3,6.3,159.0,LE,102.8,116.1,-11.0,N,14,2,2026-07-22
HARYANA,CHARKHI DADRI,39.0,4.0,875.0,LE,167.3,149.3,12.0,N,14,3,2026-07-22
HARYANA,FARIDABAD,6.1,5.3,16.0,N,269.6,175.2,54.0,E,14,4,2026-07-22
HARYANA,FATEHABAD,0.3,5.6,-95.0,LD,88.0,104.5,-16.0,N,14,5,2026-07-22
HARYANA,GURGAON,14.0,8.0,75.0,LE,158.1,177.6,-11.0,N,14,6,2026-07-22
HARYANA,HISAR,5.3,7.9,-33.0,D,83.5,120.6,-31.0,D,14,7,2026-07-22
HARYANA,JHAJJAR,15.4,4.3,258.0,LE,107.5,139.6,-23.0,D,14,8,2026-07-22
HARYANA,JIND,0.0,4.5,-100.0,NR,58.4,158.4,-63.0,LD,14,9,2026-07-22
HARYANA,KAITHAL,0.8,7.7,-89.0,LD,81.3,142.8,-43.0,D,14,10,2026-07-22
HARYANA,KARNAL,2.9,7.9,-64.0,LD,189.0,214.9,-12.0,N,14,11,2026-07-22
HARYANA,KURUKSHETRA,2.6,8.0,-67.0,LD,180.0,164.5,9.0,N,14,12,2026-07-22
HARYANA,MAHENDRAGARH,31.4,6.4,391.0,LE,168.9,162.3,4.0,N,14,13,2026-07-22
HARYANA,NUH,12.7,6.2,105.0,LE,110.4,154.4,-28.0,D,14,14,2026-07-22
HARYANA,PALWAL,23.9,5.1,369.0,LE,168.0,130.1,29.0,E,14,15,2026-07-22
HARYANA,PANCHKULA,3.2,8.2,-61.0,LD,158.8,302.8,-48.0,D,14,16,2026-07-22
HARYANA,PANIPAT,7.8,8.4,-7.0,N,111.8,163.4,-32.0,D,14,17,2026-07-22
HARYANA,REWARI,29.4,6.8,332.0,LE,164.3,161.1,2.0,N,14,18,2026-07-22
HARYANA,ROHTAK,3.6,6.5,-45.0,D,61.6,175.4,-65.0,LD,14,19,2026-07-22
HARYANA,SIRSA,2.7,5.4,-51.0,D,39.0,96.3,-59.0,D,14,20,2026-07-22
HARYANA,SONEPAT,1.7,9.3,-82.0,LD,108.7,173.4,-37.0,D,14,21,2026-07-22
HARYANA,YAMUNA NAGAR,0.4,13.1,-97.0,LD,318.3,343.8,-7.0,N,14,22,2026-07-22
DELHI (UT),CENTRAL DELHI,0.2,9.6,-98.0,LD,259.6,232.1,12.0,N,14,1,2026-07-22
DELHI (UT),EAST DELHI,9.6,,,,283.5,232.1,22.0,E,14,2,2026-07-22
DELHI (UT),NEW DELHI,10.9,9.0,21.0,E,164.0,217.5,-25.0,D,14,3,2026-07-22
DELHI (UT),NORTH DELHI,7.4,,,,204.5,,,,14,4,2026-07-22
DELHI (UT),NORTH EAST DELHI,13.2,9.6,38.0,E,266.5,232.1,15.0,N,15,5,2026-07-22
DELHI (UT),NORTH WEST DELHI,2.3,14.3,-84.0,LD,96.8,152.4,-37.0,D,15,6,2026-07-22
DELHI (UT),SOUTH DELHI,17.9,9.6,86.0,LE,190.5,232.1,-18.0,N,15,7,2026-07-22
DELHI (UT),SOUTH EAST DELHI,10.9,9.6,14.0,N,199.8,232.1,-14.0,N,15,8,2026-07-22
DELHI (UT),SOUTH WEST DELHI,8.3,10.0,-17.0,N,136.1,203.5,-33.0,D,15,9,2026-07-22
DELHI (UT),WEST DELHI,11.8,8.4,40.0,E,212.5,219.5,-3.0,N,15,10,2026-07-22
CHANDIGARH (UT),CHANDIGARH,4.4,10.6,-59.0,D,243.9,344.0,-29.0,D,15,1,2026-07-22
PUNJAB,AMRITSAR,46.4,4.6,909.0,LE,166.7,162.8,2.0,N,15,1,2026-07-22
PUNJAB,BARNALA,0.0,4.2,-100.0,NR,35.4,143.5,-75.0,LD,15,2,2026-07-22
PUNJAB,BHATINDA,0.0,5.1,-100.0,NR,47.1,116.8,-60.0,LD,15,3,2026-07-22
PUNJAB,FARIDKOT,0.0,4.9,-100.0,NR,147.4,129.7,14.0,N,15,4,2026-07-22
PUNJAB,FATEHGARH SAHIB,2.0,5.9,-66.0,LD,63.1,190.7,-67.0,LD,15,5,2026-07-22
PUNJAB,FAZILKA,1.3,6.5,-79.0,LD,44.0,99.8,-56.0,D,15,6,2026-07-22
PUNJAB,FEROZEPUR,0.1,3.7,-97.0,LD,94.5,100.6,-6.0,N,15,7,2026-07-22
PUNJAB,GURDASPUR,46.5,6.9,574.0,LE,320.1,233.0,37.0,E,15,8,2026-07-22
PUNJAB,HOSHIARPUR,12.1,6.3,93.0,LE,45.4,232.8,-81.0,LD,15,9,2026-07-22
PUNJAB,JALANDHAR,5.4,5.3,1.0,N,149.2,196.9,-24.0,D,15,10,2026-07-22
PUNJAB,KAPURTHALA,1.6,7.2,-78.0,LD,84.4,170.0,-50.0,D,15,11,2026-07-22
PUNJAB,LUDHIANA,0.0,3.3,-100.0,NR,134.0,177.4,-24.0,D,15,12,2026-07-22
PUNJAB,MANSA,0.0,5.2,-100.0,NR,33.0,106.8,-69.0,LD,15,13,2026-07-22
PUNJAB,MOGA,0.0,2.6,-100.0,NR,83.7,109.3,-23.0,D,15,14,2026-07-22
PUNJAB,MUKTSAR,0.0,7.5,-100.0,NR,53.0,143.4,-63.0,LD,15,15,2026-07-22
PUNJAB,PATHANKOT,80.6,10.9,640.0,LE,451.2,328.0,38.0,E,15,16,2026-07-22
PUNJAB,PATIALA,2.2,7.5,-71.0,LD,104.5,201.6,-48.0,D,15,17,2026-07-22
PUNJAB,RUPNAGAR,20.7,10.1,105.0,LE,133.3,302.4,-56.0,D,16,18,2026-07-22
PUNJAB,SANGRUR,1.1,4.9,-78.0,LD,70.1,142.0,-51.0,D,16,19,2026-07-22
PUNJAB,SAS NAGAR (MOHALI),0.6,6.4,-91.0,LD,116.2,249.2,-53.0,D,16,20,2026-07-22
PUNJAB,SBS NAGAR,1.6,7.2,-78.0,LD,151.9,316.7,-52.0,D,16,21,2026-07-22
PUNJAB,TARN TARAN,6.7,3.4,97.0,LE,73.8,97.0,-24.0,D,16,22,2026-07-22
HIMACHAL PRADESH,BILASPUR,59.8,8.5,603.0,LE,243.7,285.8,-15.0,N,16,1,2026-07-22
HIMACHAL PRADESH,CHAMBA,12.2,13.0,-7.0,N,321.4,332.3,-3.0,N,16,2,2026-07-22
HIMACHAL PRADESH,HAMIRPUR,11.3,8.8,28.0,E,194.6,330.4,-41.0,D,16,3,2026-07-22
HIMACHAL PRADESH,KANGRA,18.3,16.3,13.0,N,466.5,568.5,-18.0,N,16,4,2026-07-22
HIMACHAL PRADESH,KINNAUR,4.1,3.6,14.0,N,113.6,88.7,28.0,E,16,5,2026-07-22
HIMACHAL PRADESH,KULLU,16.5,6.4,157.0,LE,195.2,212.1,-8.0,N,16,6,2026-07-22
HIMACHAL PRADESH,LAHAUL & SPITI,0.9,5.1,-82.0,LD,74.7,138.6,-46.0,D,16,7,2026-07-22
HIMACHAL PRADESH,MANDI,18.3,13.1,40.0,E,335.7,426.2,-21.0,D,16,8,2026-07-22
HIMACHAL PRADESH,SHIMLA,39.1,8.0,389.0,LE,344.2,255.8,35.0,E,16,9,2026-07-22
HIMACHAL PRADESH,SIRMAUR,27.0,18.6,45.0,E,514.4,477.6,8.0,N,16,10,2026-07-22
HIMACHAL PRADESH,SOLAN,18.7,9.9,88.0,LE,425.1,354.7,20.0,E,16,11,2026-07-22
HIMACHAL PRADESH,UNA,19.5,9.4,108.0,LE,296.1,334.8,-12.0,N,16,12,2026-07-22
JAMMU & KASHMIR (UT),ANANTNAG,14.4,3.7,289.0,LE,121.3,132.6,-8.0,N,16,1,2026-07-22
JAMMU & KASHMIR (UT),BADGAM,5.4,3.0,81.0,LE,56.0,78.2,-28.0,D,16,2,2026-07-22
JAMMU & KASHMIR (UT),BANDIPORA,5.3,2.1,150.0,LE,80.5,87.0,-8.0,N,16,3,2026-07-22
JAMMU & KASHMIR (UT),BARAMULA,40.7,2.1,1837.0,LE,154.1,91.9,68.0,LE,16,4,2026-07-22
JAMMU & KASHMIR (UT),DODA,30.7,4.7,552.0,LE,151.1,171.1,-12.0,N,16,5,2026-07-22
JAMMU & KASHMIR (UT),GANDERBAL,10.5,1.0,955.0,LE,172.0,121.8,41.0,E,16,6,2026-07-22
JAMMU & KASHMIR (UT),JAMMU,53.6,14.2,278.0,LE,304.7,313.3,-3.0,N,17,7,2026-07-22
JAMMU & KASHMIR (UT),KATHUA,145.6,21.7,571.0,LE,359.3,443.5,-19.0,N,17,8,2026-07-22
JAMMU & KASHMIR (UT),KISTWAR,15.0,4.7,219.0,LE,102.0,171.1,-40.0,D,17,9,2026-07-22
JAMMU & KASHMIR (UT),KULGAM,14.9,3.2,366.0,LE,65.6,136.7,-52.0,D,17,10,2026-07-22
JAMMU & KASHMIR (UT),KUPWARA,19.1,7.4,158.0,LE,128.6,106.9,20.0,E,17,11,2026-07-22
JAMMU & KASHMIR (UT),POONCH,44.3,9.3,376.0,LE,467.8,270.6,73.0,LE,17,12,2026-07-22
JAMMU & KASHMIR (UT),PULWAMA,10.8,2.6,317.0,LE,88.7,73.4,21.0,E,17,13,2026-07-22
JAMMU & KASHMIR (UT),RAJOURI,39.9,16.6,140.0,LE,392.4,242.5,62.0,LE,17,14,2026-07-22
JAMMU & KASHMIR (UT),RAMBAN,40.1,4.6,772.0,LE,194.4,166.6,17.0,N,17,15,2026-07-22
JAMMU & KASHMIR (UT),REASI,42.2,23.8,77.0,LE,468.0,470.1,0.0,N,17,16,2026-07-22
JAMMU & KASHMIR (UT),SAMBA,133.0,1.3,10131.0,LE,506.0,232.1,118.0,LE,17,17,2026-07-22
JAMMU & KASHMIR (UT),SHOPIAN,6.7,2.7,148.0,LE,35.1,101.6,-66.0,LD,17,18,2026-07-22
JAMMU & KASHMIR (UT),SRINAGAR,7.5,3.2,134.0,LE,109.9,94.8,16.0,N,17,19,2026-07-22
JAMMU & KASHMIR (UT),UDHAMPUR,112.6,17.6,540.0,LE,611.6,334.3,83.0,LE,17,20,2026-07-22
LADAKH (UT),KARGIL,0.5,0.0,4900.0,LE,5.6,5.2,0.0,N,17,1,2026-07-22
LADAKH (UT),LADAKH (LEH),3.7,0.9,307.0,LE,30.2,11.4,161.0,LE,17,2,2026-07-22
EAST RAJASTHAN,AJMER,8.0,7.3,9.0,N,128.9,168.1,-23.0,D,17,1,2026-07-22
EAST RAJASTHAN,ALWAR,15.8,6.6,139.0,LE,165.6,203.5,-19.0,N,17,2,2026-07-22
EAST RAJASTHAN,BANSWARA,1.2,10.3,-88.0,LD,117.9,285.9,-59.0,D,17,3,2026-07-22
EAST RAJASTHAN,BARAN,48.9,17.3,183.0,LE,267.8,307.4,-13.0,N,17,4,2026-07-22
EAST RAJASTHAN,BHARATPUR,11.0,8.8,25.0,E,212.9,199.7,7.0,N,17,5,2026-07-22
EAST RAJASTHAN,BHILWARA,15.8,9.9,59.0,E,178.4,213.0,-16.0,N,17,6,2026-07-22
EAST RAJASTHAN,BUNDI,35.8,12.1,196.0,LE,176.1,236.7,-26.0,D,17,7,2026-07-22
EAST RAJASTHAN,CHITTORGARH,7.5,10.0,-25.0,D,208.9,239.2,-13.0,N,18,8,2026-07-22
EAST RAJASTHAN,DAUSA,27.8,9.2,202.0,LE,194.6,228.5,-15.0,N,18,9,2026-07-22
EAST RAJASTHAN,DHOLPUR,6.3,8.0,-21.0,D,199.3,210.1,-5.0,N,18,10,2026-07-22
EAST RAJASTHAN,DUNGARPUR,0.6,8.6,-93.0,LD,143.3,244.4,-41.0,D,18,11,2026-07-22
EAST RAJASTHAN,JAIPUR,9.4,7.6,24.0,E,150.2,207.0,-27.0,D,18,12,2026-07-22
EAST RAJASTHAN,JHALAWAR,42.3,14.2,198.0,LE,230.3,299.3,-23.0,D,18,13,2026-07-22
EAST RAJASTHAN,JHUNJHUNU,12.5,6.6,90.0,LE,218.6,175.3,25.0,E,18,14,2026-07-22
EAST RAJASTHAN,KARAULI,20.2,11.5,75.0,LE,145.8,216.3,-33.0,D,18,15,2026-07-22
EAST RAJASTHAN,KOTA,46.9,16.6,182.0,LE,194.9,267.1,-27.0,D,18,16,2026-07-22
EAST RAJASTHAN,PRATAPGARH,0.8,8.4,-90.0,LD,256.2,290.6,-12.0,N,18,17,2026-07-22
EAST RAJASTHAN,RAJSAMAND,34.4,6.4,438.0,LE,166.3,193.9,-14.0,N,18,18,2026-07-22
EAST RAJASTHAN,SAWAI MADHOPUR,16.3,12.4,31.0,E,132.7,246.9,-46.0,D,18,19,2026-07-22
EAST RAJASTHAN,SIKAR,6.9,6.3,9.0,N,201.9,179.5,13.0,N,18,20,2026-07-22
EAST RAJASTHAN,SIROHI,0.3,9.1,-97.0,LD,111.3,279.0,-60.0,LD,18,21,2026-07-22
EAST RAJASTHAN,TONK,18.8,11.7,60.0,LE,196.9,207.0,-5.0,N,18,22,2026-07-22
EAST RAJASTHAN,UDAIPUR,8.6,6.7,28.0,E,137.5,214.1,-36.0,D,18,23,2026-07-22
WEST RAJASTHAN,BARMER,0.0,2.5,-100.0,NR,50.4,95.2,-47.0,D,18,1,2026-07-22
WEST RAJASTHAN,BIKANER,10.6,4.4,141.0,LE,115.0,104.7,10.0,N,18,2,2026-07-22
WEST RAJASTHAN,CHURU,8.2,7.4,10.0,N,156.5,150.1,4.0,N,18,3,2026-07-22
WEST RAJASTHAN,HANUMANGARH,3.3,5.0,-34.0,D,56.0,116.2,-52.0,D,18,4,2026-07-22
WEST RAJASTHAN,JAISALMER,0.0,2.1,-100.0,NR,27.0,65.0,-58.0,D,18,5,2026-07-22
WEST RAJASTHAN,JALORE,0.0,3.7,-100.0,NR,59.1,141.8,-58.0,D,18,6,2026-07-22
WEST RAJASTHAN,JODHPUR,6.4,4.5,42.0,E,62.9,108.3,-42.0,D,18,7,2026-07-22
WEST RAJASTHAN,NAGAUR,9.9,7.1,39.0,E,113.6,160.2,-29.0,D,18,8,2026-07-22
WEST RAJASTHAN,PALI,17.5,5.8,202.0,LE,83.5,171.1,-51.0,D,18,9,2026-07-22
WEST RAJASTHAN,SRI GANGANAGAR,1.4,4.5,-68.0,LD,60.8,85.5,-29.0,D,19,10,2026-07-22
WEST MADHYA PRADESH,AGAR-MALWA,16.8,8.8,91.0,LE,339.0,298.4,14.0,N,19,1,2026-07-22
WEST MADHYA PRADESH,ALIRAJPUR,2.2,10.2,-79.0,LD,70.0,308.1,-77.0,LD,19,2,2026-07-22
WEST MADHYA PRADESH,ASHOKNAGAR,13.3,12.0,10.0,N,291.3,321.7,-9.0,N,19,3,2026-07-22
WEST MADHYA PRADESH,BARWANI,10.8,8.0,35.0,E,217.7,248.6,-12.0,N,19,4,2026-07-22
WEST MADHYA PRADESH,BETUL,13.9,14.1,-2.0,N,323.6,386.8,-16.0,N,19,5,2026-07-22
WEST MADHYA PRADESH,BHIND,18.9,7.0,171.0,LE,273.0,215.3,27.0,E,19,6,2026-07-22
WEST MADHYA PRADESH,BHOPAL,47.8,16.0,199.0,LE,410.9,358.7,15.0,N,19,7,2026-07-22
WEST MADHYA PRADESH,BURHANPUR,13.5,8.0,69.0,LE,336.8,276.9,22.0,E,19,8,2026-07-22
WEST MADHYA PRADESH,DATIA,4.4,12.6,-65.0,LD,159.5,254.1,-37.0,D,19,9,2026-07-22
WEST MADHYA PRADESH,DEWAS,8.2,9.0,-9.0,N,468.6,314.6,49.0,E,19,10,2026-07-22
WEST MADHYA PRADESH,DHAR,5.0,9.4,-47.0,D,185.9,288.1,-35.0,D,19,11,2026-07-22
WEST MADHYA PRADESH,GUNA,57.6,15.9,262.0,LE,367.4,350.4,5.0,N,19,12,2026-07-22
WEST MADHYA PRADESH,GWALIOR,6.5,7.9,-18.0,N,213.5,232.6,-8.0,N,19,13,2026-07-22
WEST MADHYA PRADESH,HARDA,9.1,18.4,-51.0,D,370.7,375.0,-1.0,N,19,14,2026-07-22
WEST MADHYA PRADESH,INDORE,5.3,8.6,-39.0,D,361.8,297.2,22.0,E,19,15,2026-07-22
WEST MADHYA PRADESH,JHABUA,1.8,7.1,-75.0,LD,168.2,308.5,-45.0,D,19,16,2026-07-22
WEST MADHYA PRADESH,KHANDWA,7.8,10.1,-23.0,D,303.4,294.6,3.0,N,19,17,2026-07-22
WEST MADHYA PRADESH,KHARGONE,11.0,10.7,3.0,N,273.2,271.0,1.0,N,19,18,2026-07-22
WEST MADHYA PRADESH,MANDSAUR,16.8,12.2,38.0,E,275.5,274.7,0.0,N,19,19,2026-07-22
WEST MADHYA PRADESH,MORENA,0.0,8.2,-100.0,NR,143.3,222.9,-36.0,D,19,20,2026-07-22
WEST MADHYA PRADESH,NARMADAPURAM,51.6,20.2,155.0,LE,288.8,455.4,-37.0,D,19,21,2026-07-22
WEST MADHYA PRADESH,NEEMUCH,2.3,7.5,-70.0,LD,260.6,250.4,4.0,N,19,22,2026-07-22
WEST MADHYA PRADESH,RAISEN,48.4,13.8,251.0,LE,356.8,398.3,-10.0,N,19,23,2026-07-22
WEST MADHYA PRADESH,RAJGARH,45.6,11.7,290.0,LE,364.4,312.6,17.0,N,20,24,2026-07-22
WEST MADHYA PRADESH,RATLAM,5.1,11.6,-56.0,D,239.5,286.7,-16.0,N,20,25,2026-07-22
WEST MADHYA PRADESH,SEHORE,56.8,13.9,309.0,LE,431.4,371.9,16.0,N,20,26,2026-07-22
WEST MADHYA PRADESH,SHAJAPUR,22.0,15.4,43.0,E,285.1,307.1,-7.0,N,20,27,2026-07-22
WEST MADHYA PRADESH,SHEOPUR,18.4,10.4,77.0,LE,207.0,243.5,-15.0,N,20,28,2026-07-22
WEST MADHYA PRADESH,SHIVPURI,21.4,12.1,76.0,LE,204.1,295.1,-31.0,D,20,29,2026-07-22
WEST MADHYA PRADESH,UJJAIN,4.6,9.8,-53.0,D,304.5,305.3,0.0,N,20,30,2026-07-22
WEST MADHYA PRADESH,VIDISHA,20.0,13.9,44.0,E,321.0,384.0,-16.0,N,20,31,2026-07-22
EAST MADHYA PRADESH,ANUPPUR,18.3,10.2,80.0,LE,357.7,401.7,-11.0,N,20,1,2026-07-22
EAST MADHYA PRADESH,BALAGHAT,46.3,16.5,181.0,LE,443.9,490.3,-9.0,N,20,2,2026-07-22
EAST MADHYA PRADESH,CHHATARPUR,12.7,11.6,9.0,N,303.4,318.4,-5.0,N,20,3,2026-07-22
EAST MADHYA PRADESH,CHHINDWARA,28.4,16.3,75.0,LE,358.4,399.7,-10.0,N,20,4,2026-07-22
EAST MADHYA PRADESH,DAMOH,30.6,14.0,119.0,LE,408.2,401.4,2.0,N,20,5,2026-07-22
EAST MADHYA PRADESH,DINDORI,31.3,18.7,68.0,LE,406.5,468.9,-13.0,N,20,6,2026-07-22
EAST MADHYA PRADESH,JABALPUR,21.2,13.5,57.0,E,323.2,404.6,-20.0,D,20,7,2026-07-22
EAST MADHYA PRADESH,KATNI,13.1,13.4,-2.0,N,291.3,358.8,-19.0,N,20,8,2026-07-22
EAST MADHYA PRADESH,MANDLA,4.5,14.5,-69.0,LD,311.1,460.8,-32.0,D,20,9,2026-07-22
EAST MADHYA PRADESH,NARSINGHPUR,43.0,12.4,247.0,LE,300.8,380.6,-21.0,D,20,10,2026-07-22
EAST MADHYA PRADESH,NIWARI,17.0,16.0,6.0,N,294.0,268.8,9.0,N,20,11,2026-07-22
EAST MADHYA PRADESH,PANNA,8.9,13.5,-34.0,D,322.9,391.0,-17.0,N,20,12,2026-07-22
EAST MADHYA PRADESH,REWA,3.4,7.4,-55.0,D,143.0,349.3,-59.0,D,20,13,2026-07-22
EAST MADHYA PRADESH,SAGAR,11.0,12.8,-14.0,N,311.2,413.2,-25.0,D,20,14,2026-07-22
EAST MADHYA PRADESH,SATNA,11.3,9.6,18.0,N,318.7,352.0,-9.0,N,20,15,2026-07-22
EAST MADHYA PRADESH,SEONI,33.4,16.2,106.0,LE,428.8,429.5,0.0,N,20,16,2026-07-22
EAST MADHYA PRADESH,SHAHDOL,34.1,7.6,349.0,LE,306.4,354.6,-14.0,N,20,17,2026-07-22
EAST MADHYA PRADESH,SIDHI,14.6,10.2,44.0,E,281.4,385.2,-27.0,D,21,18,2026-07-22
EAST MADHYA PRADESH,SINGRAULI,28.1,16.3,72.0,LE,238.1,399.7,-40.0,D,21,19,2026-07-22
EAST MADHYA PRADESH,TIKAMGARH,15.0,17.7,-15.0,N,284.5,352.0,-19.0,N,21,20,2026-07-22
EAST MADHYA PRADESH,UMARIA,15.8,9.3,70.0,LE,338.3,375.3,-10.0,N,21,21,2026-07-22
EAST MADHYA PRADESH,MAIHAR,8.6,13.8,-38.0,D,231.9,361.0,-36.0,D,21,22,2026-07-22
EAST MADHYA PRADESH,MAUGANJ,16.4,9.0,82.0,LE,352.8,343.1,3.0,N,21,23,2026-07-22
EAST MADHYA PRADESH,PANDHURNA,32.1,7.8,311.0,LE,399.9,326.4,23.0,E,21,24,2026-07-22
GUJARAT,AHMEDABAD,3.7,6.4,-43.0,D,128.4,254.3,-50.0,D,21,1,2026-07-22
GUJARAT,ANAND,10.1,8.9,14.0,N,132.1,310.3,-57.0,D,21,2,2026-07-22
GUJARAT,ARAVALLI,1.4,8.4,-84.0,LD,134.6,293.4,-54.0,D,21,3,2026-07-22
GUJARAT,BANASKANTHA,0.4,4.8,-92.0,LD,60.1,202.4,-70.0,LD,21,4,2026-07-22
GUJARAT,BHARUCH,30.7,7.9,289.0,LE,289.2,313.4,-8.0,N,21,5,2026-07-22
GUJARAT,CHHOTA UDEPUR,2.0,10.8,-81.0,LD,149.6,363.2,-59.0,D,21,6,2026-07-22
GUJARAT,DAHOD,1.7,5.8,-71.0,LD,101.9,268.6,-62.0,LD,21,7,2026-07-22
GUJARAT,DANGS,149.8,20.4,634.0,LE,1110.8,886.5,25.0,E,21,8,2026-07-22
GUJARAT,GANDHINAGAR,0.3,8.2,-96.0,LD,113.7,273.7,-58.0,D,21,9,2026-07-22
GUJARAT,KHEDA,2.3,8.0,-71.0,LD,172.8,288.7,-40.0,D,21,10,2026-07-22
GUJARAT,MAHISAGAR,0.0,7.0,-100.0,NR,226.6,276.1,-18.0,N,21,11,2026-07-22
GUJARAT,MEHSANA,0.4,5.7,-94.0,LD,139.3,251.6,-45.0,D,21,12,2026-07-22
GUJARAT,NARMADA,12.8,11.1,16.0,N,235.1,390.9,-40.0,D,21,13,2026-07-22
GUJARAT,NAVSARI,160.5,24.8,547.0,LE,1256.1,819.7,53.0,E,21,14,2026-07-22
GUJARAT,PANCHMAHAL,1.6,10.4,-85.0,LD,286.7,323.0,-11.0,N,21,15,2026-07-22
GUJARAT,PATAN,0.3,4.6,-93.0,LD,116.3,187.5,-38.0,D,21,16,2026-07-22
GUJARAT,SABARKANTHA,3.1,8.8,-65.0,LD,117.0,300.9,-61.0,LD,22,17,2026-07-22
GUJARAT,SURAT,76.7,19.8,287.0,LE,812.1,591.9,37.0,E,22,18,2026-07-22
GUJARAT,TAPI,71.1,21.8,226.0,LE,623.9,577.5,8.0,N,22,19,2026-07-22
GUJARAT,VADODARA,16.4,10.8,51.0,E,187.2,343.3,-45.0,D,22,20,2026-07-22
GUJARAT,VALSAD,227.2,26.4,761.0,LE,1291.4,947.0,36.0,E,22,21,2026-07-22
DADRA & NAGAR HAVELI AND DAMAN & DIU (UT),DADARA & NAGAR HAVELI,233.6,34.5,577.0,LE,1349.2,1045.5,29.0,E,22,1,2026-07-22
DADRA & NAGAR HAVELI AND DAMAN & DIU (UT),DAMAN,294.6,34.5,754.0,LE,1584.1,1045.5,52.0,E,22,2,2026-07-22
GUJARAT,AMRELI,4.2,8.8,-52.0,D,328.1,275.3,19.0,N,22,1,2026-07-22
GUJARAT,BHAVNAGAR,10.6,5.2,104.0,LE,256.9,255.0,1.0,N,22,2,2026-07-22
GUJARAT,BOTAD,4.8,6.5,-27.0,D,166.3,229.8,-28.0,D,22,3,2026-07-22
GUJARAT,DEVBHOOMI DWARKA,2.0,3.7,-46.0,D,11.9,255.5,-95.0,LD,22,4,2026-07-22
GUJARAT,GIR SOMNATH,3.8,13.5,-72.0,LD,427.0,449.7,-5.0,N,22,5,2026-07-22
GUJARAT,JAMNAGAR,2.8,6.6,-57.0,D,77.2,276.6,-72.0,LD,22,6,2026-07-22
GUJARAT,JUNAGADH,8.9,14.3,-38.0,D,495.4,435.3,14.0,N,22,7,2026-07-22
GUJARAT,KUTCH,1.2,3.8,-68.0,LD,20.1,146.4,-86.0,LD,22,8,2026-07-22
GUJARAT,MORBI,15.4,8.1,90.0,LE,93.8,229.3,-59.0,D,22,9,2026-07-22
GUJARAT,PORBANDAR,7.3,7.2,1.0,N,118.3,328.3,-64.0,LD,22,10,2026-07-22
GUJARAT,RAJKOT,7.6,8.9,-15.0,N,159.9,281.6,-43.0,D,22,11,2026-07-22
GUJARAT,SURENDRANAGAR,5.0,7.0,-28.0,D,136.2,212.1,-36.0,D,22,12,2026-07-22
DADRA & NAGAR HAVELI AND DAMAN & DIU (UT),DIU,6.4,10.9,-41.0,D,585.0,419.7,39.0,E,22,1,2026-07-22
MAHARASHTRA,MUMBAI CITY,35.6,20.2,76.0,LE,1479.4,1083.6,37.0,E,23,1,2026-07-22
MAHARASHTRA,MUMBAI SUBURBAN,48.4,24.3,99.0,LE,1788.1,1160.7,54.0,E,23,2,2026-07-22
MAHARASHTRA,PALGHAR,81.0,31.6,156.0,LE,1660.9,1043.8,59.0,E,23,3,2026-07-22
MAHARASHTRA,RAIGAD,61.9,35.3,75.0,LE,1824.5,1485.7,23.0,E,23,4,2026-07-22
MAHARASHTRA,RATNAGIRI,48.2,33.5,44.0,E,1575.0,1641.0,-4.0,N,23,5,2026-07-22
MAHARASHTRA,SINDHUDURG,39.0,32.1,22.0,E,1031.1,1629.7,-37.0,D,23,6,2026-07-22
MAHARASHTRA,THANE,46.3,27.7,67.0,LE,1286.4,1129.1,14.0,N,23,7,2026-07-22
GOA,NORTH GOA,19.4,36.7,-47.0,D,923.9,1702.0,-46.0,D,23,1,2026-07-22
GOA,SOUTH GOA,48.9,37.6,30.0,E,1135.8,1639.1,-31.0,D,23,2,2026-07-22
MADHYA MAHARASHTRA,AHMEDNAGAR,7.5,2.2,242.0,LE,153.9,177.2,-13.0,N,23,1,2026-07-22
MADHYA MAHARASHTRA,DHULE,19.7,5.2,279.0,LE,167.8,233.8,-28.0,D,23,2,2026-07-22
MADHYA MAHARASHTRA,JALGAON,20.7,5.9,252.0,LE,201.4,246.3,-18.0,N,23,3,2026-07-22
MADHYA MAHARASHTRA,KOLHAPUR,34.6,22.0,57.0,E,769.1,832.1,-8.0,N,23,4,2026-07-22
MADHYA MAHARASHTRA,NANDURBAR,16.7,9.0,85.0,LE,102.2,342.7,-70.0,LD,23,5,2026-07-22
MADHYA MAHARASHTRA,NASHIK,56.7,9.1,523.0,LE,508.8,361.9,41.0,E,23,6,2026-07-22
MADHYA MAHARASHTRA,PUNE,40.9,8.7,370.0,LE,630.6,399.7,58.0,E,23,7,2026-07-22
MADHYA MAHARASHTRA,SANGLI,4.8,3.0,60.0,LE,195.8,206.6,-5.0,N,23,8,2026-07-22
MADHYA MAHARASHTRA,SATARA,26.3,8.5,209.0,LE,510.1,382.1,33.0,E,23,9,2026-07-22
MADHYA MAHARASHTRA,SHOLAPUR,5.1,2.0,157.0,LE,116.5,158.6,-27.0,D,23,10,2026-07-22
MARATHWADA,BEED,9.0,5.0,80.0,LE,120.8,210.7,-43.0,D,23,1,2026-07-22
MARATHWADA,CHHATRAPATI SAMBHAJINAGAR,27.9,4.7,494.0,LE,235.2,217.6,8.0,N,23,2,2026-07-22
MARATHWADA,DHARASHIV,11.7,4.0,193.0,LE,167.4,208.5,-20.0,D,23,3,2026-07-22
MARATHWADA,HINGOLI,20.9,8.5,146.0,LE,149.2,324.9,-54.0,D,23,4,2026-07-22
MARATHWADA,JALNA,17.8,5.2,242.0,LE,141.9,237.8,-40.0,D,24,5,2026-07-22
MARATHWADA,LATUR,11.0,6.8,61.0,LE,145.5,249.9,-42.0,D,24,6,2026-07-22
MARATHWADA,NANDED,22.1,10.2,116.0,LE,185.7,305.5,-39.0,D,24,7,2026-07-22
MARATHWADA,PARBHANI,13.3,6.6,102.0,LE,173.4,267.4,-35.0,D,24,8,2026-07-22
VIDARBHA,AKOLA,32.1,10.8,197.0,LE,203.4,297.1,-32.0,D,24,1,2026-07-22
VIDARBHA,AMRAOTI,15.4,7.9,95.0,LE,229.8,328.6,-30.0,D,24,2,2026-07-22
VIDARBHA,BHANDARA,52.8,12.0,340.0,LE,382.3,448.2,-15.0,N,24,3,2026-07-22
VIDARBHA,BULDHANA,22.6,5.9,283.0,LE,225.0,268.5,-16.0,N,24,4,2026-07-22
VIDARBHA,CHANDRAPUR,41.4,10.8,283.0,LE,306.1,447.2,-32.0,D,24,5,2026-07-22
VIDARBHA,GADCHIROLI,58.9,14.4,309.0,LE,318.9,529.9,-40.0,D,24,6,2026-07-22
VIDARBHA,GONDIA,42.9,16.3,163.0,LE,540.2,499.9,8.0,N,24,7,2026-07-22
VIDARBHA,NAGPUR,38.6,8.3,365.0,LE,312.1,398.9,-22.0,D,24,8,2026-07-22
VIDARBHA,WARDHA,21.2,6.8,211.0,LE,287.0,358.4,-20.0,D,24,9,2026-07-22
VIDARBHA,WASHIM,28.4,8.1,251.0,LE,212.7,345.1,-38.0,D,24,10,2026-07-22
VIDARBHA,YEOTMAL,37.2,9.3,300.0,LE,269.4,356.5,-24.0,D,24,11,2026-07-22
CHHATTISGARH,BALOD,54.8,10.9,403.0,LE,402.5,410.5,-2.0,N,24,1,2026-07-22
CHHATTISGARH,BALODA BAZAR,39.8,18.6,114.0,LE,489.1,381.0,28.0,E,24,2,2026-07-22
CHHATTISGARH,BALRAMPUR,15.7,10.1,55.0,E,407.4,361.5,13.0,N,24,3,2026-07-22
CHHATTISGARH,BASTAR,12.4,12.6,-2.0,N,304.2,491.3,-38.0,D,24,4,2026-07-22
CHHATTISGARH,BEMETARA,15.2,16.9,-10.0,N,267.9,422.1,-37.0,D,24,5,2026-07-22
CHHATTISGARH,BIJAPUR,10.7,14.6,-27.0,D,370.3,511.0,-28.0,D,24,6,2026-07-22
CHHATTISGARH,BILASPUR,40.4,13.7,195.0,LE,492.7,410.1,20.0,E,24,7,2026-07-22
CHHATTISGARH,DANTEWADA,9.1,9.3,-2.0,N,384.9,496.4,-22.0,D,24,8,2026-07-22
CHHATTISGARH,DHAMTARI,37.3,18.4,103.0,LE,382.6,431.8,-11.0,N,24,9,2026-07-22
CHHATTISGARH,DURG,39.4,15.5,154.0,LE,402.4,412.9,-3.0,N,25,10,2026-07-22
CHHATTISGARH,GARIABAND,23.8,14.4,65.0,LE,439.0,419.7,5.0,N,25,11,2026-07-22
CHHATTISGARH,GAURELA PENDRA MARWAHI,8.0,11.1,-28.0,D,392.8,432.4,-9.0,N,25,12,2026-07-22
CHHATTISGARH,JANJGIR,51.6,19.0,172.0,LE,573.5,415.7,38.0,E,25,13,2026-07-22
CHHATTISGARH,JASHPUR,23.0,17.5,31.0,E,314.7,576.5,-45.0,D,25,14,2026-07-22
CHHATTISGARH,KABIRDHAM,30.7,9.9,210.0,LE,271.2,335.2,-19.0,N,25,15,2026-07-22
CHHATTISGARH,KANKER,31.2,23.2,34.0,E,257.9,514.2,-50.0,D,25,16,2026-07-22
CHHATTISGARH,KHAIRAGARH CHH GANDAI,17.9,10.4,72.0,LE,292.0,287.0,2.0,N,25,17,2026-07-22
CHHATTISGARH,KONDAGAON,16.2,13.0,25.0,E,279.4,456.8,-39.0,D,25,18,2026-07-22
CHHATTISGARH,KORBA,58.8,17.9,229.0,LE,457.2,500.1,-9.0,N,25,19,2026-07-22
CHHATTISGARH,KORIYA,39.3,14.5,171.0,LE,395.1,454.4,-13.0,N,25,20,2026-07-22
CHHATTISGARH,MAHASAMUND,26.0,22.3,17.0,N,452.5,418.6,8.0,N,25,21,2026-07-22
CHHATTISGARH,MANENDRAGARH BHARATPUR,25.0,14.4,74.0,LE,355.7,454.5,-22.0,D,25,22,2026-07-22
CHHATTISGARH,MOHALA MANPUR CHOWKI,62.3,14.1,342.0,LE,265.7,427.2,-38.0,D,25,23,2026-07-22
CHHATTISGARH,MUNGELI,47.6,14.0,240.0,LE,525.6,395.7,33.0,E,25,24,2026-07-22
CHHATTISGARH,NARAYANPUR,23.8,19.1,25.0,E,407.3,484.6,-16.0,N,25,25,2026-07-22
CHHATTISGARH,RAIGARH,63.4,17.2,268.0,LE,416.3,470.8,-12.0,N,25,26,2026-07-22
CHHATTISGARH,RAIPUR,49.6,16.2,206.0,LE,450.8,400.3,13.0,N,25,27,2026-07-22
CHHATTISGARH,RAJNANDGAON,58.0,11.3,413.0,LE,369.8,424.8,-13.0,N,25,28,2026-07-22
CHHATTISGARH,SAKTI,49.8,17.6,183.0,LE,468.6,435.1,8.0,N,25,29,2026-07-22
CHHATTISGARH,SARANGARH BILAIGARH,39.9,18.2,119.0,LE,613.7,373.8,64.0,LE,25,30,2026-07-22
CHHATTISGARH,SUKMA,4.3,12.2,-65.0,LD,309.0,473.9,-35.0,D,25,31,2026-07-22
CHHATTISGARH,SURAJPUR,61.4,15.6,294.0,LE,424.7,484.8,-12.0,N,25,32,2026-07-22
CHHATTISGARH,SURGUJA,41.5,11.9,249.0,LE,250.9,494.5,-49.0,D,25,33,2026-07-22
ANDHRA PRADESH,ANAKAPALLI,0.0,7.1,-100.0,NR,159.8,238.9,-33.0,D,26,1,2026-07-22
ANDHRA PRADESH,BAPATLA,0.1,6.0,-98.0,LD,97.3,179.5,-46.0,D,26,2,2026-07-22
ANDHRA PRADESH,DR B R AMBEDKAR KONASEEMA,0.0,11.9,-100.0,NR,199.4,288.0,-31.0,D,26,3,2026-07-22
ANDHRA PRADESH,EAST GODAVARI,6.4,7.5,-15.0,N,168.9,272.5,-38.0,D,26,4,2026-07-22
ANDHRA PRADESH,ELURU,6.7,7.4,-9.0,N,221.9,325.4,-32.0,D,26,5,2026-07-22
ANDHRA PRADESH,GUNTUR,0.0,7.0,-100.0,NR,176.4,213.0,-17.0,N,26,6,2026-07-22
ANDHRA PRADESH,KAKINADA,4.7,5.8,-19.0,N,200.9,259.4,-23.0,D,26,7,2026-07-22
ANDHRA PRADESH,KRISHNA,1.6,7.7,-80.0,LD,168.9,249.8,-32.0,D,26,8,2026-07-22
ANDHRA PRADESH,NTR DISTRICT,2.8,7.2,-62.0,LD,179.7,262.3,-32.0,D,26,9,2026-07-22
ANDHRA PRADESH,PALNADU,0.0,4.8,-100.0,NR,161.8,195.4,-17.0,N,26,10,2026-07-22
ANDHRA PRADESH,PARVATHIPURAM MANYAM,2.8,8.4,-67.0,LD,159.2,301.4,-47.0,D,26,11,2026-07-22
ANDHRA PRADESH,PRAKASAM,0.3,3.6,-92.0,LD,73.1,130.2,-44.0,D,26,12,2026-07-22
ANDHRA PRADESH,SPSR NELLORE,0.0,3.3,-100.0,NR,95.1,117.0,-19.0,N,26,13,2026-07-22
ANDHRA PRADESH,SRI ALLURI SITHARAMARAJU DISTRICT,5.4,9.6,-43.0,D,167.6,350.7,-52.0,D,26,14,2026-07-22
ANDHRA PRADESH,SRIKAKULAM,2.7,8.9,-70.0,LD,158.6,271.9,-42.0,D,26,15,2026-07-22
ANDHRA PRADESH,VISHAKHAPATNAM,0.0,4.6,-100.0,NR,137.6,208.8,-34.0,D,26,16,2026-07-22
ANDHRA PRADESH,VIZIANAGARAM,0.5,6.9,-93.0,LD,196.2,257.2,-24.0,D,26,17,2026-07-22
ANDHRA PRADESH,WEST GODAVARI,0.3,8.5,-96.0,LD,80.7,271.9,-70.0,LD,26,18,2026-07-22
PUDUCHERRY (UT),YANAM,0.0,8.3,-100.0,NR,113.4,273.1,-58.0,D,26,1,2026-07-22
RAYALASEEMA,ANANTAPURAMU,0.0,2.8,-100.0,NR,109.9,106.3,3.0,N,26,1,2026-07-22
RAYALASEEMA,ANNAMAYYA DISTRICT,0.0,3.8,-100.0,NR,52.5,127.4,-59.0,D,26,2,2026-07-22
RAYALASEEMA,CHITTOOR,0.0,4.3,-100.0,NR,88.2,154.8,-43.0,D,26,3,2026-07-22
RAYALASEEMA,KURNOOL,10.2,3.2,219.0,LE,136.8,148.4,-8.0,N,26,4,2026-07-22
RAYALASEEMA,NANDYAL,0.9,4.3,-79.0,LD,144.7,174.5,-17.0,N,27,5,2026-07-22
RAYALASEEMA,SRI SATHYASAI DISTRICT,0.0,3.1,-100.0,NR,82.1,102.3,-20.0,D,27,6,2026-07-22
RAYALASEEMA,TIRUPATI,0.3,3.5,-92.0,LD,109.3,151.9,-28.0,D,27,7,2026-07-22
RAYALASEEMA,YSR DISTRICT,0.0,3.8,-100.0,NR,79.9,131.2,-39.0,D,27,8,2026-07-22
TELANGANA,ADILABAD,23.4,11.9,97.0,LE,273.3,391.9,-30.0,D,27,1,2026-07-22
TELANGANA,B. KOTHAGUDEM,8.9,7.8,13.0,N,294.9,364.8,-19.0,N,27,2,2026-07-22
TELANGANA,HANUMAKONDA,3.9,5.4,-28.0,D,138.3,261.6,-47.0,D,27,3,2026-07-22
TELANGANA,HYDERABAD,7.0,5.3,32.0,E,131.8,227.8,-42.0,D,27,4,2026-07-22
TELANGANA,J. BHUPALPALLY,13.5,9.4,43.0,E,301.0,361.4,-17.0,N,27,5,2026-07-22
TELANGANA,JAGTIAL,10.2,7.0,46.0,E,269.1,315.1,-15.0,N,27,6,2026-07-22
TELANGANA,JANGAON,2.6,6.6,-61.0,LD,154.9,261.4,-41.0,D,27,7,2026-07-22
TELANGANA,JOGULAMBA GADWAL,6.4,2.7,139.0,LE,120.4,162.3,-26.0,D,27,8,2026-07-22
TELANGANA,KAMAREDDY,10.9,6.6,65.0,LE,280.1,288.3,-3.0,N,27,9,2026-07-22
TELANGANA,KARIMNAGAR,7.3,4.6,59.0,E,180.6,268.4,-33.0,D,27,10,2026-07-22
TELANGANA,KHAMMAM,8.7,7.1,23.0,E,240.1,285.4,-16.0,N,27,11,2026-07-22
TELANGANA,KUMARAM BHEEM,22.5,13.1,72.0,LE,336.2,400.3,-16.0,N,27,12,2026-07-22
TELANGANA,M. MALKAJGIRI,3.7,4.2,-11.0,N,85.3,188.4,-55.0,D,27,13,2026-07-22
TELANGANA,MAHABUBABAD,3.4,8.0,-57.0,D,273.4,317.6,-14.0,N,27,14,2026-07-22
TELANGANA,MAHABUBNAGAR,5.3,4.5,18.0,N,141.2,181.7,-22.0,D,27,15,2026-07-22
TELANGANA,MANCHERIAL,21.3,7.8,173.0,LE,313.8,382.5,-18.0,N,27,16,2026-07-22
TELANGANA,MEDAK,6.9,7.4,-7.0,N,233.9,286.1,-18.0,N,27,17,2026-07-22
TELANGANA,MULUGU,7.4,11.4,-35.0,D,429.4,376.5,14.0,N,27,18,2026-07-22
TELANGANA,NAGARKURNOOL,0.8,3.5,-78.0,LD,130.3,167.7,-22.0,D,27,19,2026-07-22
TELANGANA,NALGONDA,3.1,3.5,-12.0,N,128.6,172.2,-25.0,D,27,20,2026-07-22
TELANGANA,NARAYANPET,3.6,4.4,-19.0,N,150.3,165.6,-9.0,N,27,21,2026-07-22
TELANGANA,NIRMAL,18.2,9.7,88.0,LE,162.6,350.8,-54.0,D,28,22,2026-07-22
TELANGANA,NIZAMABAD,11.1,7.6,47.0,E,239.4,316.5,-24.0,D,28,23,2026-07-22
TELANGANA,PEDDAPALLE,10.7,8.1,32.0,E,248.8,350.8,-29.0,D,28,24,2026-07-22
TELANGANA,RAJANNA SIRCILLA,7.4,6.8,9.0,N,187.4,262.4,-29.0,D,28,25,2026-07-22
TELANGANA,RANGAREDDY,6.3,4.0,58.0,E,146.0,198.8,-27.0,D,28,26,2026-07-22
TELANGANA,SANGAREDDY,4.2,6.0,-29.0,D,210.6,263.8,-20.0,D,28,27,2026-07-22
TELANGANA,SIDDIPET,8.9,4.7,90.0,LE,168.5,227.0,-26.0,D,28,28,2026-07-22
TELANGANA,SURYAPET,3.1,8.7,-65.0,LD,177.3,228.2,-22.0,D,28,29,2026-07-22
TELANGANA,VIKARABAD,9.4,6.5,45.0,E,151.4,242.8,-38.0,D,28,30,2026-07-22
TELANGANA,WANAPARTHY,3.0,4.0,-25.0,D,109.7,193.4,-43.0,D,28,31,2026-07-22
TELANGANA,WARANGAL,2.6,8.7,-70.0,LD,173.2,350.8,-51.0,D,28,32,2026-07-22
TELANGANA,Y. BHUVANAGIRI,2.5,4.6,-46.0,D,81.0,204.9,-60.0,LD,28,33,2026-07-22
TAMILNADU,ARIYALUR,0.0,3.0,-100.0,NR,88.4,76.8,15.0,N,28,1,2026-07-22
TAMILNADU,CHENGALPATTU,0.0,4.0,-100.0,NR,38.9,117.4,-67.0,LD,28,2,2026-07-22
TAMILNADU,CHENNAI,0.0,3.8,-100.0,NR,90.5,135.5,-33.0,D,28,3,2026-07-22
TAMILNADU,COIMBATORE,0.0,6.3,-100.0,NR,323.6,326.6,-1.0,N,28,4,2026-07-22
TAMILNADU,CUDDALORE,0.0,2.2,-100.0,NR,113.5,91.2,24.0,E,28,5,2026-07-22
TAMILNADU,DHARMAPURI,0.0,1.9,-100.0,NR,106.1,99.9,6.0,N,28,6,2026-07-22
TAMILNADU,DINDIGUL,0.0,1.9,-100.0,NR,70.1,74.4,-6.0,N,28,7,2026-07-22
TAMILNADU,ERODE,0.0,1.3,-100.0,NR,74.3,79.2,-6.0,N,28,8,2026-07-22
TAMILNADU,KALLAKURICHI,0.0,2.0,-100.0,NR,85.9,100.5,-15.0,N,28,9,2026-07-22
TAMILNADU,KANCHEEPURAM,0.0,4.2,-100.0,NR,78.6,140.8,-44.0,D,28,10,2026-07-22
TAMILNADU,KANYAKUMARI,0.0,2.7,-100.0,NR,270.9,252.9,7.0,N,28,11,2026-07-22
TAMILNADU,KARUR,0.0,0.6,-100.0,NR,33.0,41.0,-19.0,N,28,12,2026-07-22
TAMILNADU,KRISHNAGIRI,0.0,2.2,-100.0,NR,91.7,88.2,4.0,N,29,13,2026-07-22
TAMILNADU,MADURAI,0.0,1.7,-100.0,NR,71.6,77.9,-8.0,N,29,14,2026-07-22
TAMILNADU,MAYILADUTHURAI,0.0,2.0,-100.0,NR,61.3,71.4,-14.0,N,29,15,2026-07-22
TAMILNADU,NAGAPATTINAM,0.0,1.6,-100.0,NR,39.7,65.9,-40.0,D,29,16,2026-07-22
TAMILNADU,NAMAKKAL,0.0,1.2,-100.0,NR,42.4,77.9,-46.0,D,29,17,2026-07-22
TAMILNADU,NILGIRIS,1.2,8.3,-86.0,LD,265.5,365.3,-27.0,D,29,18,2026-07-22
TAMILNADU,PERAMBALUR,0.0,1.6,-100.0,NR,73.2,57.5,27.0,E,29,19,2026-07-22
TAMILNADU,PUDUKKOTTAI,0.0,1.6,-100.0,NR,87.2,79.0,10.0,N,29,20,2026-07-22
TAMILNADU,RAMANATHAPURAM,0.0,1.1,-100.0,NR,10.3,32.1,-68.0,LD,29,21,2026-07-22
TAMILNADU,RANIPET,0.0,3.0,-100.0,NR,74.0,142.3,-48.0,D,29,22,2026-07-22
TAMILNADU,SALEM,0.0,1.8,-100.0,NR,95.5,110.7,-14.0,N,29,23,2026-07-22
TAMILNADU,SIVAGANGA,0.0,2.4,-100.0,NR,89.2,96.4,-8.0,N,29,24,2026-07-22
TAMILNADU,TENKASI,0.0,1.3,-100.0,NR,79.1,76.0,4.0,N,29,25,2026-07-22
TAMILNADU,THANJAVUR,0.0,2.4,-100.0,NR,76.2,74.4,2.0,N,29,26,2026-07-22
TAMILNADU,THENI,0.0,1.6,-100.0,NR,76.9,65.0,18.0,N,29,27,2026-07-22
TAMILNADU,THIRUCHIRAPALLI,0.0,0.6,-100.0,NR,65.3,60.5,8.0,N,29,28,2026-07-22
TAMILNADU,THIRUVALLUR,0.4,2.7,-86.0,LD,117.4,146.0,-20.0,D,29,29,2026-07-22
TAMILNADU,THOOTHUKUDI,0.0,0.4,-100.0,NR,7.1,13.0,-46.0,D,29,30,2026-07-22
TAMILNADU,TIRUNELVELI,0.0,0.4,-100.0,NR,247.9,34.4,621.0,LE,29,31,2026-07-22
TAMILNADU,TIRUPATTUR,0.0,3.7,-100.0,NR,62.2,118.9,-48.0,D,29,32,2026-07-22
TAMILNADU,TIRUPPUR,0.0,0.6,-100.0,NR,20.6,36.4,-44.0,D,29,33,2026-07-22
TAMILNADU,TIRUVANNAMALAI,0.0,3.3,-100.0,NR,80.4,123.2,-35.0,D,29,34,2026-07-22
TAMILNADU,TIRUVARUR,0.0,2.8,-100.0,NR,69.7,74.4,-6.0,N,29,35,2026-07-22
TAMILNADU,VELLORE,0.0,3.4,-100.0,NR,69.8,130.1,-46.0,D,29,36,2026-07-22
TAMILNADU,VILLUPURAM,0.0,3.4,-100.0,NR,70.6,108.7,-35.0,D,29,37,2026-07-22
TAMILNADU,VIRUDHUNAGAR,0.0,2.0,-100.0,NR,52.1,46.1,13.0,N,29,38,2026-07-22
PUDUCHERRY (UT),KARAIKAL,0.0,2.0,-100.0,NR,84.4,84.0,0.0,N,30,1,2026-07-22
PUDUCHERRY (UT),PUDUCHERRY,0.0,2.2,-100.0,NR,11.9,93.1,-87.0,LD,30,2,2026-07-22
NORTHERN INTERIOR KARNATAKA,BAGALKOTE,0.8,1.2,-38.0,D,156.8,127.1,23.0,E,30,1,2026-07-22
NORTHERN INTERIOR KARNATAKA,BELAGAVI,13.4,6.2,116.0,LE,339.6,269.4,26.0,E,30,2,2026-07-22
NORTHERN INTERIOR KARNATAKA,BIDAR,5.7,7.7,-26.0,D,193.8,232.6,-17.0,N,30,3,2026-07-22
NORTHERN INTERIOR KARNATAKA,DHARWAD,4.3,5.1,-17.0,N,142.8,234.0,-39.0,D,30,4,2026-07-22
NORTHERN INTERIOR KARNATAKA,GADAG,1.4,1.9,-28.0,D,116.5,129.5,-10.0,N,30,5,2026-07-22
NORTHERN INTERIOR KARNATAKA,HAVERI,1.2,6.0,-81.0,LD,120.8,228.1,-47.0,D,30,6,2026-07-22
NORTHERN INTERIOR KARNATAKA,KALABURAGI,9.3,4.8,94.0,LE,99.9,201.5,-50.0,D,30,7,2026-07-22
NORTHERN INTERIOR KARNATAKA,KOPPAL,0.8,1.5,-46.0,D,87.6,122.2,-28.0,D,30,8,2026-07-22
NORTHERN INTERIOR KARNATAKA,RAICHUR,7.3,1.8,304.0,LE,138.4,136.9,1.0,N,30,9,2026-07-22
NORTHERN INTERIOR KARNATAKA,VIJAYAPURA,2.2,1.7,28.0,E,128.0,137.5,-7.0,N,30,10,2026-07-22
NORTHERN INTERIOR KARNATAKA,YADGIR,1.8,3.4,-48.0,D,177.5,173.2,2.0,N,30,11,2026-07-22
SOUTHERN INTERIOR KARNATAKA,BALLARI,0.0,1.5,-100.0,NR,75.1,114.1,-34.0,D,30,1,2026-07-22
SOUTHERN INTERIOR KARNATAKA,BENGALURU RURAL,0.0,5.8,-100.0,NR,114.2,129.4,-12.0,N,30,2,2026-07-22
SOUTHERN INTERIOR KARNATAKA,BENGALURU URBAN,0.0,4.8,-100.0,NR,66.6,133.8,-50.0,D,30,3,2026-07-22
SOUTHERN INTERIOR KARNATAKA,CHAMARAJANAGAR,0.1,1.8,-93.0,LD,103.0,111.7,-8.0,N,30,4,2026-07-22
SOUTHERN INTERIOR KARNATAKA,CHIKABALLAPURA,0.0,4.7,-100.0,NR,113.1,122.7,-8.0,N,30,5,2026-07-22
SOUTHERN INTERIOR KARNATAKA,CHIKKAMAGALURU,5.0,16.2,-69.0,LD,650.4,736.1,-12.0,N,30,6,2026-07-22
SOUTHERN INTERIOR KARNATAKA,CHITRADURGA,0.7,2.6,-73.0,LD,62.3,95.1,-34.0,D,30,7,2026-07-22
SOUTHERN INTERIOR KARNATAKA,DAVANGERE,0.5,3.3,-84.0,LD,100.8,143.8,-30.0,D,30,8,2026-07-22
SOUTHERN INTERIOR KARNATAKA,HASSAN,2.0,6.7,-71.0,LD,132.9,310.6,-57.0,D,30,9,2026-07-22
SOUTHERN INTERIOR KARNATAKA,KODAGU,11.1,24.5,-55.0,D,758.4,1179.2,-36.0,D,31,10,2026-07-22
SOUTHERN INTERIOR KARNATAKA,KOLAR,0.0,4.0,-100.0,NR,68.8,125.8,-45.0,D,31,11,2026-07-22
SOUTHERN INTERIOR KARNATAKA,MANDYA,0.0,1.7,-100.0,NR,66.6,91.8,-27.0,D,31,12,2026-07-22
SOUTHERN INTERIOR KARNATAKA,MYSURU,0.3,3.2,-92.0,LD,76.2,153.7,-50.0,D,31,13,2026-07-22
SOUTHERN INTERIOR KARNATAKA,RAMANAGARA,0.0,4.3,-100.0,NR,19.0,132.4,-86.0,LD,31,14,2026-07-22
SOUTHERN INTERIOR KARNATAKA,SHIVAMOGGA,7.1,20.2,-65.0,LD,702.5,814.2,-14.0,N,31,15,2026-07-22
SOUTHERN INTERIOR KARNATAKA,TUMAKURU,0.0,3.8,-100.0,NR,68.2,112.5,-39.0,D,31,16,2026-07-22
SOUTHERN INTERIOR KARNATAKA,VIJAYANAGARA,0.4,2.1,-81.0,LD,51.2,125.3,-59.0,D,31,17,2026-07-22
COASTAL KARNATAKA,DAKSHINA KANNADA,28.9,39.6,-27.0,D,1212.1,1774.3,-32.0,D,31,1,2026-07-22
COASTAL KARNATAKA,UDUPI,15.4,41.3,-63.0,LD,1299.5,2040.7,-36.0,D,31,2,2026-07-22
COASTAL KARNATAKA,UTTARA KANNADA,25.6,36.0,-29.0,D,1087.4,1458.2,-25.0,D,31,3,2026-07-22
KERALA,ALAPUZHA,0.0,12.6,-100.0,NR,619.5,913.2,-32.0,D,31,1,2026-07-22
KERALA,ERNAKULAM,1.2,16.6,-93.0,LD,798.5,1187.0,-33.0,D,31,2,2026-07-22
KERALA,IDUKKI,0.3,22.1,-99.0,LD,532.6,1307.7,-59.0,D,31,3,2026-07-22
KERALA,KANNUR,13.3,27.6,-52.0,D,1134.0,1548.5,-27.0,D,31,4,2026-07-22
KERALA,KASARGOD,12.4,31.4,-61.0,LD,1271.5,1692.5,-25.0,D,31,5,2026-07-22
KERALA,KOLLAM,0.8,9.2,-91.0,LD,417.8,675.6,-38.0,D,31,6,2026-07-22
KERALA,KOTTAYAM,0.8,12.6,-93.0,LD,844.6,1060.6,-20.0,D,31,7,2026-07-22
KERALA,KOZHIKODE,14.0,23.7,-41.0,D,1156.0,1523.4,-24.0,D,31,8,2026-07-22
KERALA,MALAPPURAM,7.1,17.8,-60.0,LD,781.8,1109.0,-30.0,D,31,9,2026-07-22
KERALA,PALAKKAD,4.9,13.9,-65.0,LD,530.3,844.0,-37.0,D,31,10,2026-07-22
KERALA,PATHANAMTHITTA,0.2,11.3,-98.0,LD,655.2,857.9,-24.0,D,31,11,2026-07-22
KERALA,THIRUVANANTHAPURAM,1.3,4.2,-69.0,LD,409.2,456.9,-10.0,N,31,12,2026-07-22
KERALA,THRISSUR,6.0,17.2,-65.0,LD,788.8,1207.4,-35.0,D,32,13,2026-07-22
KERALA,WYNAD,2.7,23.8,-88.0,LD,538.6,1350.2,-60.0,LD,32,14,2026-07-22
PUDUCHERRY (UT),MAHE,0.6,23.7,-97.0,LD,1090.0,1438.9,-24.0,D,32,1,2026-07-22
LAKSHADWEEP,LAKSHADWEEP,3.1,6.5,-53.0,D,381.4,551.7,-31.0,D,32,1,2026-07-22
