State,District,Lat,Lon,Actual,Normal,Dept,Category,Cumulative_Actual,Cumulative_Normal,Cumulative_Dept,Cumulative_Category
ANDAMAN & NICOBAR ISLANDS,NICOBAR,7.507,93.597,0.0,10.0,-100.0,NR,228.6,463.0,-51.0,D
ANDAMAN & NICOBAR ISLANDS,NORTH & MIDDLE ANDAMAN,12.833,92.863,0.0,13.6,-100.0,NR,1206.4,803.1,50.0,E
ANDAMAN & NICOBAR ISLANDS,SOUTH ANDAMAN,11.508,92.644,4.3,10.4,-59.0,D,626.3,699.8,-11.0,N
ANDHRA PRADESH,ANAKAPALLI,17.691,83.003,0.0,7.1,-100.0,NR,159.8,238.9,-33.0,D
ANDHRA PRADESH,BAPATLA,15.904,80.467,0.1,6.0,-98.0,LD,97.3,179.5,-46.0,D
ANDHRA PRADESH,DR B R AMBEDKAR KONASEEMA,16.605,82.018,0.0,11.9,-100.0,NR,199.4,288.0,-31.0,D
ANDHRA PRADESH,EAST GODAVARI,17.27,81.896,6.4,7.5,-15.0,N,168.9,272.5,-38.0,D
ANDHRA PRADESH,ELURU,16.71,81.095,6.7,7.4,-9.0,N,221.9,325.4,-32.0,D
ANDHRA PRADESH,GUNTUR,16.293,80.079,0.0,7.0,-100.0,NR,176.4,213.0,-17.0,N
ANDHRA PRADESH,KAKINADA,16.989,82.247,4.7,5.8,-19.0,N,200.9,259.4,-23.0,D
ANDHRA PRADESH,KRISHNA,16.556,80.798,1.6,7.7,-80.0,LD,168.9,249.8,-32.0,D
ANDHRA PRADESH,NTR DISTRICT,16.514079,80.631795,2.8,7.2,-62.0,LD,179.7,262.3,-32.0,D
ANDHRA PRADESH,PALNADU,16.577,79.738,0.0,4.8,-100.0,NR,161.8,195.4,-17.0,N
ANDHRA PRADESH,PARVATHIPURAM MANYAM,18.783,83.426,2.8,8.4,-67.0,LD,159.2,301.4,-47.0,D
ANDHRA PRADESH,PRAKASAM,15.616,79.516,0.3,3.6,-92.0,LD,73.1,130.2,-44.0,D
ANDHRA PRADESH,SPSR NELLORE,14.442,79.987,0.0,3.3,-100.0,NR,95.1,117.0,-19.0,N
ANDHRA PRADESH,SRI ALLURI SITHARAMARAJU DISTRICT,,,5.4,9.6,-43.0,D,167.6,350.7,-52.0,D
ANDHRA PRADESH,SRIKAKULAM,18.599,84.024,2.7,8.9,-70.0,LD,158.6,271.9,-42.0,D
ANDHRA PRADESH,VISHAKHAPATNAM,17.725142,83.294196,0.0,4.6,-100.0,NR,137.6,208.8,-34.0,D
ANDHRA PRADESH,VIZIANAGARAM,18.475,83.385,0.5,6.9,-93.0,LD,196.2,257.2,-24.0,D
ANDHRA PRADESH,WEST GODAVARI,16.937,81.384,0.3,8.5,-96.0,LD,80.7,271.9,-70.0,LD
ARUNACHAL PRADESH,ANJAW,28.066,96.825,4.8,23.3,-79.0,LD,67.2,778.9,-91.0,LD
ARUNACHAL PRADESH,CHANGLANG,27.363,96.341,3.2,14.6,-78.0,LD,582.9,679.3,-14.0,N
ARUNACHAL PRADESH,DIBANG VALLEY,28.7,95.88,9.3,,,,0.0,666.4,-100.0,NR
ARUNACHAL PRADESH,EAST KAMENG,27.586,92.923,23.4,10.6,120.0,LE,823.7,606.8,36.0,E
ARUNACHAL PRADESH,EAST SIANG,28.044,95.355,0.4,37.0,-99.0,LD,1380.9,1617.3,-15.0,N
ARUNACHAL PRADESH,KURUNG KUMEY,28.014,93.202,0.0,14.0,-100.0,NR,232.6,533.6,-56.0,D
ARUNACHAL PRADESH,LOHIT,27.906,96.276,21.9,16.6,32.0,E,541.3,804.5,-33.0,D
ARUNACHAL PRADESH,LOWER DIBANG VALLEY,28.25,95.84,21.4,,,,27.9,1235.7,-98.0,LD
ARUNACHAL PRADESH,LOWER SUBANSIRI,27.562,93.787,2.8,9.4,-70.0,LD,211.6,328.8,-36.0,D
ARUNACHAL PRADESH,PAPUMPARA,27.29,93.593,52.4,21.9,139.0,LE,908.3,1171.1,-22.0,D
ARUNACHAL PRADESH,TAWANG,27.662,91.95,8.9,9.6,-7.0,N,141.9,456.6,-69.0,LD
ARUNACHAL PRADESH,TIRAP,27.028,95.532,35.0,22.8,54.0,E,1122.7,984.7,14.0,N
ARUNACHAL PRADESH,UPPER SIANG,28.834,94.915,0.0,17.0,-100.0,NR,467.8,919.0,-49.0,D
ARUNACHAL PRADESH,UPPER SUBANSIRI,28.291,93.933,0.0,7.4,-100.0,NR,214.4,479.1,-55.0,D
ARUNACHAL PRADESH,WEST KAMENG,27.298,92.39,1.9,13.3,-86.0,LD,234.3,823.6,-72.0,LD
ARUNACHAL PRADESH,WEST SIANG,28.159,94.625,0.0,25.0,-100.0,NR,367.7,984.3,-63.0,LD
ASSAM,BAJALI,26.47,91.0,0.5,17.0,-97.0,LD,666.5,1185.3,-44.0,D
ASSAM,BAKSA,26.661,91.353,4.5,13.1,-66.0,LD,713.6,856.4,-17.0,N
ASSAM,BARPETA,26.34,91.005,0.7,17.0,-96.0,LD,796.3,1185.3,-33.0,D
ASSAM,BISWANATH,26.829,93.383,6.7,,,,730.4,,,
ASSAM,BONGAIGAON,26.36,90.62,11.6,19.2,-40.0,D,618.2,1337.6,-54.0,D
ASSAM,CACHAR,24.813,92.855,31.7,15.3,107.0,LE,840.5,881.7,-5.0,N
ASSAM,CHARAIDEO,27.063,95.046,30.0,9.2,226.0,LE,679.5,452.3,50.0,E
ASSAM,CHIRANG,26.66,90.599,0.0,19.1,-100.0,NR,798.0,1275.8,-37.0,D
ASSAM,DARRANG,26.448,92.029,52.6,6.5,709.0,LE,374.8,711.4,-47.0,D
ASSAM,DHEMAJI,27.59,94.775,0.0,23.9,-100.0,NR,1269.7,1030.1,23.0,E
ASSAM,DHUBRI,26.01,90.033,8.3,12.8,-35.0,D,806.4,1154.6,-30.0,D
ASSAM,DIBRUGARH,27.367,95.053,14.1,14.4,-2.0,N,675.6,716.4,-6.0,N
ASSAM,DIMA HASAO,25.378,93.031,11.6,4.9,137.0,LE,202.4,552.3,-63.0,LD
ASSAM,GOALPARA,26.052,90.605,1.2,16.5,-93.0,LD,466.6,1063.7,-56.0,D
ASSAM,GOLAGHAT,26.475,93.835,14.4,8.0,81.0,LE,399.9,490.3,-18.0,N
ASSAM,HAILAKANDI,24.498,92.588,4.5,16.0,-72.0,LD,611.9,734.2,-17.0,N
ASSAM,HOJAI,25.978,92.98,12.8,4.7,171.0,LE,201.5,338.9,-41.0,D
ASSAM,JORHAT,26.711,94.264,4.3,9.9,-56.0,D,434.4,588.1,-26.0,D
ASSAM,KAMRUP METROPOLITAN,26.13,91.888,20.5,5.5,272.0,LE,395.8,545.9,-28.0,D
ASSAM,KAMRUP RURAL,26.1,91.415,17.6,9.5,85.0,LE,218.8,683.6,-68.0,LD
ASSAM,KARBI ANGLONG,26.157,93.405,41.9,5.6,648.0,LE,224.5,372.1,-40.0,D
ASSAM,KOKRAJHAR,26.494,90.117,0.4,27.3,-98.0,LD,1443.7,1414.8,2.0,N
ASSAM,LAKHIMPUR,27.174,94.141,9.8,15.6,-37.0,D,1118.0,988.7,13.0,N
ASSAM,MAJULI,26.999,94.292,0.0,9.9,-100.0,NR,545.0,588.1,-7.0,N
ASSAM,MORIGAON,26.282,92.284,12.2,7.9,54.0,E,284.3,527.6,-46.0,D
ASSAM,NAGAON,26.362,92.754,3.0,9.7,-69.0,LD,179.2,484.1,-63.0,LD
ASSAM,NALBARI,26.371,91.382,10.1,13.6,-26.0,D,348.8,854.6,-59.0,D
ASSAM,SIBSAGAR,26.97,94.66,0.2,9.3,-98.0,LD,392.3,565.6,-31.0,D
ASSAM,SONITPUR,26.757,92.699,34.1,6.0,469.0,LE,445.0,579.1,-23.0,D
ASSAM,SOUTH SALMARA,25.918,89.962,12.8,,,,1154.6,,,
ASSAM,SRIBHUMI,24.868637,92.360548,16.5,22.9,-28.0,D,955.2,1097.1,-13.0,N
ASSAM,TAMULPUR,26.69,91.1,23.6,13.1,80.0,LE,708.0,767.3,-8.0,N
ASSAM,TINSUKIA,27.58,95.62,7.7,14.4,-47.0,D,730.2,697.9,5.0,N
ASSAM,UDALGURI,26.73,92.032,28.5,15.6,83.0,LE,307.3,787.0,-61.0,LD
ASSAM,WEST KARBI ANGLONG,25.85,92.533,3.8,5.9,-36.0,D,207.8,323.3,-36.0,D
BIHAR,ARARIA,26.198,87.362,1.9,14.5,-87.0,LD,480.5,625.4,-23.0,D
BIHAR,ARWAL,25.163,84.677,4.2,3.4,24.0,E,120.4,276.6,-56.0,D
BIHAR,AURANGABAD,24.791,84.408,4.9,7.7,-36.0,D,188.6,338.9,-44.0,D
BIHAR,BANKA,24.854,86.838,5.4,10.0,-46.0,D,159.3,359.7,-56.0,D
BIHAR,BEGUSARAI,25.497,86.13,16.0,7.5,113.0,LE,298.9,404.3,-26.0,D
BIHAR,BHABUA,24.992,83.606,5.0,5.6,-11.0,N,149.1,316.3,-53.0,D
BIHAR,BHAGALPUR,25.27,87.083,13.7,12.6,8.0,N,187.0,405.5,-54.0,D
BIHAR,BHOJPUR,25.474,84.54,2.5,4.6,-45.0,D,154.5,343.9,-55.0,D
BIHAR,BUXAR,25.487,84.094,0.8,5.1,-85.0,LD,206.1,312.9,-34.0,D
BIHAR,DARBHANGA,26.085,86.055,3.0,7.1,-58.0,D,208.9,374.3,-44.0,D
BIHAR,EAST CHAMPARAN,26.618,84.922,1.3,8.8,-86.0,LD,299.3,433.6,-31.0,D
BIHAR,GAYA,24.697,84.934,8.8,6.0,47.0,E,150.2,339.9,-56.0,D
BIHAR,GOPALGANJ,26.444,84.374,0.5,6.0,-91.0,LD,322.8,398.2,-19.0,N
BIHAR,JAHANABAD,25.155,85.017,2.1,4.8,-56.0,D,103.1,340.8,-70.0,LD
BIHAR,JAMUI,24.785,86.293,1.8,9.4,-81.0,LD,174.1,391.4,-56.0,D
BIHAR,KATIHAR,25.55,87.64,11.1,13.6,-18.0,N,287.7,478.5,-40.0,D
BIHAR,KHAGARIA,25.511,86.601,14.4,10.7,35.0,E,352.2,419.2,-16.0,N
BIHAR,KISHANGANJ,26.296,87.939,3.6,16.8,-78.0,LD,659.4,806.0,-18.0,N
BIHAR,LAKHISARAI,25.162,86.137,5.4,10.5,-48.0,D,336.5,367.0,-8.0,N
BIHAR,MADHEPURA,25.822,86.898,10.1,10.4,-3.0,N,282.0,448.4,-37.0,D
BIHAR,MADHUBANI,26.402,86.222,0.2,10.6,-98.0,LD,285.0,419.2,-32.0,D
BIHAR,MUNGER,25.21,86.526,15.0,9.0,67.0,LE,279.3,418.4,-33.0,D
BIHAR,MUZAFFARPUR,26.152,85.329,1.2,5.8,-79.0,LD,204.6,404.9,-49.0,D
BIHAR,NALANDA,25.219,85.448,9.1,7.4,22.0,E,180.4,344.0,-48.0,D
BIHAR,NAWADA,24.811,85.59,4.9,6.0,-19.0,N,171.6,341.0,-50.0,D
BIHAR,PATNA,25.455,85.227,2.8,6.6,-57.0,D,186.8,366.8,-49.0,D
BIHAR,PURNEA,25.815,87.404,2.1,14.3,-85.0,LD,369.0,638.5,-42.0,D
BIHAR,ROHTAS,24.98,84.026,3.9,7.5,-48.0,D,166.5,323.8,-49.0,D
BIHAR,SAHARSA,25.814,86.591,1.5,9.9,-84.0,LD,228.8,472.9,-52.0,D
BIHAR,SAMASTIPUR,25.774,85.865,3.4,6.4,-47.0,D,201.5,391.0,-48.0,D
BIHAR,SARAN,25.904,84.826,1.0,6.2,-84.0,LD,210.0,363.8,-42.0,D
BIHAR,SHEIKHPURA,25.126,85.839,9.2,7.9,17.0,N,214.6,351.1,-39.0,D
BIHAR,SHEOHAR,26.498,85.301,9.4,9.3,2.0,N,253.9,449.3,-43.0,D
BIHAR,SITAMARHI,26.585,85.552,0.5,10.1,-95.0,LD,190.2,446.5,-57.0,D
BIHAR,SIWAN,26.162,84.386,0.6,4.1,-85.0,LD,374.0,359.8,4.0,N
BIHAR,SUPAUL,26.245,86.808,1.2,9.4,-88.0,LD,418.5,493.4,-15.0,N
BIHAR,VAISHALI,25.768,85.367,4.1,8.2,-50.0,D,237.8,368.6,-35.0,D
BIHAR,WEST CHAMPARAN,27.081,84.338,0.6,10.7,-94.0,LD,403.1,505.6,-20.0,D
CHANDIGARH,CHANDIGARH,30.729,76.781,,,,,,,,
CHHATTISGARH,BALOD,20.742,81.188,54.8,10.9,403.0,LE,402.5,410.5,-2.0,N
CHHATTISGARH,BALODA BAZAR,21.582,82.327,39.8,18.6,114.0,LE,489.1,381.0,28.0,E
KARNATAKA,BENGALURU URBAN,12.952,77.594,,,,,,,,
CHHATTISGARH,BASTAR,19.082,81.868,12.4,12.6,-2.0,N,304.2,491.3,-38.0,D
CHHATTISGARH,BEMETARA,21.709,81.524,15.2,16.9,-10.0,N,267.9,422.1,-37.0,D
CHHATTISGARH,BIJAPUR,18.843,80.776,10.7,14.6,-27.0,D,370.3,511.0,-28.0,D
CHHATTISGARH,BILASPUR,22.406,82.073,40.4,13.7,195.0,LE,492.7,410.1,20.0,E
CHHATTISGARH,DANTEWADA,18.864,81.378,9.1,9.3,-2.0,N,384.9,496.4,-22.0,D
CHHATTISGARH,DHAMTARI,20.555,81.809,37.3,18.4,103.0,LE,382.6,431.8,-11.0,N
CHHATTISGARH,DURG,21.22,81.383,39.4,15.5,154.0,LE,402.4,412.9,-3.0,N
CHHATTISGARH,GARIABAND,20.449,82.235,23.8,14.4,65.0,LE,439.0,419.7,5.0,N
TAMILNADU,RANIPET,12.952,79.459,0.0,3.0,-100.0,NR,74.0,142.3,-48.0,D
CHHATTISGARH,JANJGIR,21.928,82.734,51.6,19.0,172.0,LE,573.5,415.7,38.0,E
CHHATTISGARH,JASHPUR,22.801,83.862,23.0,17.5,31.0,E,314.7,576.5,-45.0,D
CHHATTISGARH,KABIRDHAM,22.093,81.222,30.7,9.9,210.0,LE,271.2,335.2,-19.0,N
CHHATTISGARH,KANKER,20.138,81.123,31.2,23.2,34.0,E,257.9,514.2,-50.0,D
CHHATTISGARH,KHAIRAGARH CHH GANDAI,21.417937,80.981938,17.9,10.4,72.0,LE,292.0,287.0,2.0,N
CHHATTISGARH,KONDAGAON,19.746,81.665,16.2,13.0,25.0,E,279.4,456.8,-39.0,D
CHHATTISGARH,KORBA,22.534,82.609,58.8,17.9,229.0,LE,457.2,500.1,-9.0,N
CHHATTISGARH,GAURELA PENDRA MARWAHI,22.83,81.95,8.0,11.1,-28.0,D,392.8,432.4,-9.0,N
CHHATTISGARH,MAHASAMUND,21.208,82.608,26.0,22.3,17.0,N,452.5,418.6,8.0,N
CHHATTISGARH,MANENDRAGARH BHARATPUR,23.596607,82.058294,25.0,14.4,74.0,LE,355.7,454.5,-22.0,D
CHHATTISGARH,MOHALA MANPUR CHOWKI,20.85,80.75,62.3,14.1,342.0,LE,265.7,427.2,-38.0,D
CHHATTISGARH,MUNGELI,22.241,81.73,47.6,14.0,240.0,LE,525.6,395.7,33.0,E
CHHATTISGARH,NARAYANPUR,19.57,81.086,23.8,19.1,25.0,E,407.3,484.6,-16.0,N
CHHATTISGARH,RAIGARH,22.085,83.303,63.4,17.2,268.0,LE,416.3,470.8,-12.0,N
CHHATTISGARH,RAIPUR,21.286,81.82,49.6,16.2,206.0,LE,450.8,400.3,13.0,N
CHHATTISGARH,RAJNANDGAON,21.04,80.82,58.0,11.3,413.0,LE,369.8,424.8,-13.0,N
CHHATTISGARH,SAKTI,22.03,82.96,49.8,17.6,183.0,LE,468.6,435.1,8.0,N
CHHATTISGARH,SARANGARH BILAIGARH,21.59,83.08,39.9,18.2,119.0,LE,613.7,373.8,64.0,LE
CHHATTISGARH,SUKMA,18.256,81.347,4.3,12.2,-65.0,LD,309.0,473.9,-35.0,D
CHHATTISGARH,SURAJPUR,23.402,82.883,61.4,15.6,294.0,LE,424.7,484.8,-12.0,N
CHHATTISGARH,SURGUJA,22.929,83.227,41.5,11.9,249.0,LE,250.9,494.5,-49.0,D
DADRA & NAGAR HAVELI AND DAMAN & DIU (UT),DADARA & NAGAR HAVELI,20.194,73.071,233.6,34.5,577.0,LE,1349.2,1045.5,29.0,E
DADRA & NAGAR HAVELI AND DAMAN & DIU (UT),DAMAN,20.414,72.859,294.6,34.5,754.0,LE,1584.1,1045.5,52.0,E
DADRA & NAGAR HAVELI AND DAMAN & DIU (UT),DIU,20.72,70.938,6.4,10.9,-41.0,D,585.0,419.7,39.0,E
DELHI,CENTRAL DELHI,28.694,77.216,,,,,,,,
DELHI,EAST DELHI,28.62,77.296,,,,,,,,
DELHI,NEW DELHI,28.577,77.147,,,,,,,,
DELHI,NORTH DELHI,28.794,77.108,,,,,,,,
DELHI,NORTH EAST DELHI,28.719,77.257,,,,,,,,
DELHI,NORTH WEST DELHI,28.727,77.042,,,,,,,,
DELHI,SOUTH DELHI,28.483,77.191,,,,,,,,
DELHI,SOUTH EAST DELHI,28.543,77.274,,,,,,,,
DELHI,SOUTH WEST DELHI,28.576,76.967,,,,,,,,
DELHI,WEST DELHI,28.656,77.065,,,,,,,,
GOA,NORTH GOA,15.581,73.973,19.4,36.7,-47.0,D,923.9,1702.0,-46.0,D
GOA,SOUTH GOA,15.222,74.107,48.9,37.6,30.0,E,1135.8,1639.1,-31.0,D
GUJARAT,AHMEDABAD,22.785,72.246,3.7,6.4,-43.0,D,128.4,254.3,-50.0,D
GUJARAT,AMRELI,21.425,71.249,4.2,8.8,-52.0,D,328.1,275.3,19.0,N
GUJARAT,ANAND,22.46,72.787,10.1,8.9,14.0,N,132.1,310.3,-57.0,D
GUJARAT,ARAVALLI,23.468,73.328,1.4,8.4,-84.0,LD,134.6,293.4,-54.0,D
GUJARAT,BANASKANTHA,24.287,72.026,0.4,4.8,-92.0,LD,60.1,202.4,-70.0,LD
GUJARAT,BHARUCH,21.787,72.933,30.7,7.9,289.0,LE,289.2,313.4,-8.0,N
GUJARAT,BHAVNAGAR,21.585,71.913,10.6,5.2,104.0,LE,256.9,255.0,1.0,N
GUJARAT,BOTAD,22.117,71.699,4.8,6.5,-27.0,D,166.3,229.8,-28.0,D
GUJARAT,CHHOTA UDEPUR,22.219,73.873,2.0,10.8,-81.0,LD,149.6,363.2,-59.0,D
GUJARAT,DAHOD,22.862,74.113,1.7,5.8,-71.0,LD,101.9,268.6,-62.0,LD
GUJARAT,DANGS,20.804,73.701,149.8,20.4,634.0,LE,1110.8,886.5,25.0,E
GUJARAT,DEVBHOOMI DWARKA,22.124,69.464,2.0,3.7,-46.0,D,11.9,255.5,-95.0,LD
GUJARAT,GANDHINAGAR,23.255,72.695,0.3,8.2,-96.0,LD,113.7,273.7,-58.0,D
GUJARAT,GIR SOMNATH,20.966,70.776,3.8,13.5,-72.0,LD,427.0,449.7,-5.0,N
GUJARAT,JAMNAGAR,22.333,70.207,2.8,6.6,-57.0,D,77.2,276.6,-72.0,LD
GUJARAT,JUNAGADH,21.372,70.412,8.9,14.3,-38.0,D,495.4,435.3,14.0,N
GUJARAT,KHEDA,22.837,72.952,2.3,8.0,-71.0,LD,172.8,288.7,-40.0,D
GUJARAT,KUTCH,23.646,69.908,1.2,3.8,-68.0,LD,20.1,146.4,-86.0,LD
GUJARAT,MAHISAGAR,23.188,73.647,0.0,7.0,-100.0,NR,226.6,276.1,-18.0,N
GUJARAT,MEHSANA,23.611,72.466,0.4,5.7,-94.0,LD,139.3,251.6,-45.0,D
GUJARAT,MORBI,22.83,70.917,15.4,8.1,90.0,LE,93.8,229.3,-59.0,D
GUJARAT,NARMADA,21.737,73.645,12.8,11.1,16.0,N,235.1,390.9,-40.0,D
GUJARAT,NAVSARI,20.816,73.092,160.5,24.8,547.0,LE,1256.1,819.7,53.0,E
GUJARAT,PANCHMAHAL,22.72,73.626,1.6,10.4,-85.0,LD,286.7,323.0,-11.0,N
GUJARAT,PATAN,23.77,71.758,0.3,4.6,-93.0,LD,116.3,187.5,-38.0,D
GUJARAT,PORBANDAR,21.655,69.777,7.3,7.2,1.0,N,118.3,328.3,-64.0,LD
GUJARAT,RAJKOT,22.021,70.744,7.6,8.9,-15.0,N,159.9,281.6,-43.0,D
GUJARAT,SABARKANTHA,23.807,73.033,3.1,8.8,-65.0,LD,117.0,300.9,-61.0,LD
GUJARAT,SURAT,21.267,73.075,76.7,19.8,287.0,LE,812.1,591.9,37.0,E
GUJARAT,SURENDRANAGAR,22.764,71.593,5.0,7.0,-28.0,D,136.2,212.1,-36.0,D
GUJARAT,TAPI,21.191,73.627,71.1,21.8,226.0,LE,623.9,577.5,8.0,N
GUJARAT,VADODARA,22.248,73.242,16.4,10.8,51.0,E,187.2,343.3,-45.0,D
GUJARAT,VALSAD,20.418,73.119,227.2,26.4,761.0,LE,1291.4,947.0,36.0,E
HARYANA,AMBALA,30.326,76.936,1.7,11.5,-85.0,LD,137.4,327.1,-58.0,D
HARYANA,BHIWANI,28.778,75.89,16.3,6.3,159.0,LE,102.8,116.1,-11.0,N
HARYANA,CHARKHI DADRI,28.579,76.161,39.0,4.0,875.0,LE,167.3,149.3,12.0,N
HARYANA,FARIDABAD,28.348,77.347,6.1,5.3,16.0,N,269.6,175.2,54.0,E
HARYANA,FATEHABAD,29.569,75.577,0.3,5.6,-95.0,LD,88.0,104.5,-16.0,N
HARYANA,GURGAON,28.369,76.94,14.0,8.0,75.0,LE,158.1,177.6,-11.0,N
HARYANA,HISAR,29.212,75.822,5.3,7.9,-33.0,D,83.5,120.6,-31.0,D
HARYANA,JHAJJAR,28.605,76.652,15.4,4.3,258.0,LE,107.5,139.6,-23.0,D
HARYANA,JIND,29.435,76.306,0.0,4.5,-100.0,NR,58.4,158.4,-63.0,LD
HARYANA,KAITHAL,29.812,76.416,0.8,7.7,-89.0,LD,81.3,142.8,-43.0,D
HARYANA,KARNAL,29.688,76.897,2.9,7.9,-64.0,LD,189.0,214.9,-12.0,N
HARYANA,KURUKSHETRA,30.038,76.783,2.6,8.0,-67.0,LD,180.0,164.5,9.0,N
HARYANA,MAHENDRAGARH,28.171,76.138,31.4,6.4,391.0,LE,168.9,162.3,4.0,N
HARYANA,NUH,27.985,77.049,12.7,6.2,105.0,LE,110.4,154.4,-28.0,D
HARYANA,PALWAL,28.06,77.332,23.9,5.1,369.0,LE,168.0,130.1,29.0,E
HARYANA,PANCHKULA,30.681,76.976,3.2,8.2,-61.0,LD,158.8,302.8,-48.0,D
HARYANA,PANIPAT,29.334,76.927,7.8,8.4,-7.0,N,111.8,163.4,-32.0,D
HARYANA,REWARI,28.243,76.537,29.4,6.8,332.0,LE,164.3,161.1,2.0,N
HARYANA,ROHTAK,28.911,76.53,3.6,6.5,-45.0,D,61.6,175.4,-65.0,LD
HARYANA,SIRSA,29.616,74.901,2.7,5.4,-51.0,D,39.0,96.3,-59.0,D
CHHATTISGARH,KORIYA,23.47,82.235,39.3,14.5,171.0,LE,395.1,454.4,-13.0,N
HARYANA,YAMUNA NAGAR,30.234,77.301,0.4,13.1,-97.0,LD,318.3,343.8,-7.0,N
HIMACHAL PRADESH,BILASPUR,31.371,76.67,59.8,8.5,603.0,LE,243.7,285.8,-15.0,N
HIMACHAL PRADESH,CHAMBA,32.675,76.351,12.2,13.0,-7.0,N,321.4,332.3,-3.0,N
HIMACHAL PRADESH,HAMIRPUR,31.667,76.525,11.3,8.8,28.0,E,194.6,330.4,-41.0,D
HIMACHAL PRADESH,KANGRA,32.108,76.316,18.3,16.3,13.0,N,466.5,568.5,-18.0,N
HIMACHAL PRADESH,KINNAUR,31.599,78.405,4.1,3.6,14.0,N,113.6,88.7,28.0,E
HIMACHAL PRADESH,KULLU,31.903,77.399,16.5,6.4,157.0,LE,195.2,212.1,-8.0,N
HIMACHAL PRADESH,LAHAUL & SPITI,32.48,77.618,0.9,5.1,-82.0,LD,74.7,138.6,-46.0,D
HIMACHAL PRADESH,MANDI,31.637,76.991,18.3,13.1,40.0,E,335.7,426.2,-21.0,D
HIMACHAL PRADESH,SHIMLA,31.197,77.632,39.1,8.0,389.0,LE,344.2,255.8,35.0,E
HIMACHAL PRADESH,SIRMAUR,30.667,77.431,27.0,18.6,45.0,E,514.4,477.6,8.0,N
HIMACHAL PRADESH,SOLAN,31.045,76.91,18.7,9.9,88.0,LE,425.1,354.7,20.0,E
HIMACHAL PRADESH,UNA,31.579,76.21,19.5,9.4,108.0,LE,296.1,334.8,-12.0,N
JAMMU & KASHMIR,ANANTNAG,33.827,75.321,,,,,,,,
JAMMU & KASHMIR,BADGAM,33.925,74.64,,,,,,,,
JAMMU & KASHMIR,BANDIPORA,34.491,74.875,,,,,,,,
JAMMU & KASHMIR,BARAMULA,34.165,74.309,,,,,,,,
JAMMU & KASHMIR,DODA,33.09,75.707,,,,,,,,
JAMMU & KASHMIR,GANDERBAL,34.282,75.025,,,,,,,,
JAMMU & KASHMIR,JAMMU,32.798,74.749,,,,,,,,
JAMMU & KASHMIR,KATHUA,32.577,75.589,,,,,,,,
JAMMU & KASHMIR,KISTWAR,33.553,75.966,,,,,,,,
JAMMU & KASHMIR,KULGAM,33.603,74.843,,,,,,,,
JAMMU & KASHMIR,KUPWARA,34.523,74.204,,,,,,,,
JAMMU & KASHMIR,POONCH,33.803,74.014,,,,,,,,
JAMMU & KASHMIR,PULWAMA,33.94,75.017,,,,,,,,
JAMMU & KASHMIR,RAJOURI,33.273,74.38,,,,,,,,
JAMMU & KASHMIR,RAMBAN,33.323,75.195,,,,,,,,
JAMMU & KASHMIR,REASI,33.229,74.841,,,,,,,,
JAMMU & KASHMIR,SAMBA,32.578,75.094,,,,,,,,
JAMMU & KASHMIR,SHOPIAN,33.733,74.818,,,,,,,,
JAMMU & KASHMIR,SRINAGAR,34.116,74.927,,,,,,,,
JAMMU & KASHMIR,UDHAMPUR,32.894,75.303,,,,,,,,
JHARKHAND,BOKARO,23.695,85.996,14.4,6.9,109.0,LE,258.8,363.6,-29.0,D
JHARKHAND,CHATRA,24.173,84.887,0.4,8.0,-96.0,LD,221.3,371.8,-40.0,D
JHARKHAND,DEOGHAR,24.329,86.739,2.2,12.6,-82.0,LD,160.4,413.4,-61.0,LD
JHARKHAND,DHANBAD,23.827,86.471,17.9,9.6,87.0,LE,327.5,424.3,-23.0,D
JHARKHAND,DUMKA,24.319,87.266,5.9,16.0,-63.0,LD,404.7,440.3,-8.0,N
JHARKHAND,EAST SINGHBHUM,22.583,86.451,3.4,9.1,-63.0,LD,264.5,446.0,-41.0,D
JHARKHAND,GARHWA,24.104,83.698,27.1,10.6,155.0,LE,166.6,349.8,-52.0,D
JHARKHAND,GIRIDIH,24.294,86.11,12.7,11.7,9.0,N,212.2,406.6,-48.0,D
JHARKHAND,GODDA,24.859,87.308,17.8,11.5,55.0,E,197.2,379.1,-48.0,D
JHARKHAND,GUMLA,23.103,84.532,18.1,14.0,30.0,E,299.6,437.7,-32.0,D
JHARKHAND,HAZARIBAG,24.055,85.419,11.2,9.6,17.0,N,280.1,424.3,-34.0,D
JHARKHAND,JAMTARA,23.976,86.907,28.2,14.0,102.0,LE,344.0,454.8,-24.0,D
JHARKHAND,KHUNTI,22.994,85.262,38.6,12.7,204.0,LE,348.5,448.4,-22.0,D
JHARKHAND,KODERMA,24.499,85.666,9.2,9.3,-1.0,N,169.4,363.7,-53.0,D
JHARKHAND,LATEHAR,23.719,84.442,11.0,10.0,10.0,N,303.1,410.2,-26.0,D
JHARKHAND,LOHARDAGA,23.476,84.669,17.5,11.8,48.0,E,293.5,412.5,-29.0,D
JHARKHAND,PAKUR,24.564,87.662,11.1,18.7,-41.0,D,187.2,503.0,-63.0,LD
JHARKHAND,PALAMU,24.203,84.167,11.0,8.2,35.0,E,178.0,316.2,-44.0,D
JHARKHAND,RAMGARH,23.635,85.563,12.6,12.2,3.0,N,283.7,411.2,-31.0,D
JHARKHAND,RANCHI,23.329,85.373,22.8,10.9,109.0,LE,320.7,428.1,-25.0,D
JHARKHAND,SAHIBGANJ,25.01,87.677,0.0,16.9,-100.0,NR,2.1,508.1,-99.0,LD
JHARKHAND,SERAIKELA-KHARSAWAN,22.848,85.95,9.2,11.9,-23.0,D,392.5,409.5,-4.0,N
JHARKHAND,SIMDEGA,22.582,84.564,16.1,18.4,-13.0,N,436.1,537.8,-19.0,N
JHARKHAND,WEST SINGHBHUM,22.421,85.518,38.9,10.7,263.0,LE,336.3,400.8,-16.0,N
KARNATAKA,BAGALKOTE,16.221,75.626,,,,,,,,
KARNATAKA,BALLARI,15.11,76.533,,,,,,,,
KARNATAKA,BELAGAVI,16.121,74.824,,,,,,,,
KARNATAKA,BENGALURU RURAL,13.227,77.574,,,,,,,,
MADHYA PRADESH,BHOPAL,23.47,77.391,,,,,,,,
KARNATAKA,BIDAR,17.952,77.225,,,,,,,,
KARNATAKA,CHAMARAJANAGAR,11.958,77.098,,,,,,,,
KARNATAKA,CHIKABALLAPURA,13.578,77.835,,,,,,,,
KARNATAKA,CHIKKAMAGALURU,13.455,75.691,,,,,,,,
KARNATAKA,CHITRADURGA,14.169,76.515,,,,,,,,
KARNATAKA,DAKSHINA KANNADA,12.853,75.251,,,,,,,,
KARNATAKA,DAVANGERE,14.409,75.954,,,,,,,,
KARNATAKA,DHARWAD,15.39,75.152,,,,,,,,
KARNATAKA,GADAG,15.431,75.665,,,,,,,,
KARNATAKA,HASSAN,12.996,76.108,,,,,,,,
KARNATAKA,HAVERI,14.739,75.417,,,,,,,,
KARNATAKA,KALABURAGI,17.26,76.869,,,,,,,,
KARNATAKA,KODAGU,12.325,75.801,,,,,,,,
KARNATAKA,KOLAR,13.14,78.218,,,,,,,,
KARNATAKA,KOPPAL,15.563,76.222,,,,,,,,
KARNATAKA,MANDYA,12.611,76.797,,,,,,,,
KARNATAKA,MYSURU,12.211,76.44,,,,,,,,
KARNATAKA,RAICHUR,16.091,76.892,,,,,,,,
KARNATAKA,RAMANAGARA,12.679,77.335,,,,,,,,
KARNATAKA,SHIVAMOGGA,14.043,75.22,,,,,,,,
KARNATAKA,TUMAKURU,13.522,76.946,,,,,,,,
KARNATAKA,UDUPI,13.498,74.872,,,,,,,,
KARNATAKA,UTTARA KANNADA,14.792,74.62,,,,,,,,
KARNATAKA,VIJAYANAGARA,15.139,76.921,,,,,,,,
KARNATAKA,VIJAYAPURA,16.794,75.953,,,,,,,,
KARNATAKA,YADGIR,16.627,76.913,,,,,,,,
KERALA,ALAPUZHA,9.427,76.448,0.0,12.6,-100.0,NR,619.5,913.2,-32.0,D
KERALA,ERNAKULAM,10.084,76.546,1.2,16.6,-93.0,LD,798.5,1187.0,-33.0,D
KERALA,IDUKKI,9.84,77.057,0.3,22.1,-99.0,LD,532.6,1307.7,-59.0,D
KERALA,KANNUR,12.001,75.524,13.3,27.6,-52.0,D,1134.0,1548.5,-27.0,D
KERALA,KASARGOD,12.462,75.152,12.4,31.4,-61.0,LD,1271.5,1692.5,-25.0,D
KERALA,KOLLAM,8.962,76.873,0.8,9.2,-91.0,LD,417.8,675.6,-38.0,D
KERALA,KOTTAYAM,9.637,76.651,0.8,12.6,-93.0,LD,844.6,1060.6,-20.0,D
KERALA,KOZHIKODE,11.485,75.834,14.0,23.7,-41.0,D,1156.0,1523.4,-24.0,D
KERALA,MALAPPURAM,11.134,76.155,7.1,17.8,-60.0,LD,781.8,1109.0,-30.0,D
KERALA,PALAKKAD,10.795,76.557,4.9,13.9,-65.0,LD,530.3,844.0,-37.0,D
KERALA,PATHANAMTHITTA,9.285,76.927,0.2,11.3,-98.0,LD,655.2,857.9,-24.0,D
KERALA,THIRUVANANTHAPURAM,8.609,77.013,1.3,4.2,-69.0,LD,409.2,456.9,-10.0,N
KERALA,THRISSUR,10.472,76.315,6.0,17.2,-65.0,LD,788.8,1207.4,-35.0,D
KERALA,WYNAD,11.712,76.098,2.7,23.8,-88.0,LD,538.6,1350.2,-60.0,LD
LADAKH,KARGIL,33.886,76.508,,,,,,,,
LADAKH,LADAKH (LEH),35.036,76.806,,,,,,,,
LAKSHADWEEP,LAKSHADWEEP,10.449,72.953,3.1,6.5,-53.0,D,381.4,551.7,-31.0,D
MADHYA PRADESH,AGAR-MALWA,23.815,76.089,,,,,,,,
MADHYA PRADESH,ALIRAJPUR,22.315,74.364,,,,,,,,
MADHYA PRADESH,ANUPPUR,23.057,81.682,,,,,,,,
MADHYA PRADESH,ASHOKNAGAR,24.609,77.875,,,,,,,,
MADHYA PRADESH,BALAGHAT,21.881,80.359,,,,,,,,
MADHYA PRADESH,BARWANI,21.788,75.021,,,,,,,,
MADHYA PRADESH,BETUL,21.879,77.871,,,,,,,,
MADHYA PRADESH,BHIND,26.422,78.721,,,,,,,,
CHHATTISGARH,BALRAMPUR,23.593,83.501,15.7,10.1,55.0,E,407.4,361.5,13.0,N
MADHYA PRADESH,BURHANPUR,21.37,76.369,,,,,,,,
MADHYA PRADESH,CHHATARPUR,24.798,79.666,,,,,,,,
MADHYA PRADESH,CHHINDWARA,22.122,78.854,,,,,,,,
MADHYA PRADESH,DAMOH,23.812,79.527,,,,,,,,
MADHYA PRADESH,DATIA,25.801,78.597,,,,,,,,
MADHYA PRADESH,DEWAS,22.744,76.457,,,,,,,,
MADHYA PRADESH,DHAR,22.498,75.104,,,,,,,,
MADHYA PRADESH,DINDORI,22.89,81.051,,,,,,,,
MADHYA PRADESH,GUNA,24.556,77.199,,,,,,,,
MADHYA PRADESH,GWALIOR,26.04,78.146,,,,,,,,
MADHYA PRADESH,HARDA,22.233,77.123,,,,,,,,
MADHYA PRADESH,INDORE,22.713,75.782,,,,,,,,
MADHYA PRADESH,JABALPUR,23.234,79.976,,,,,,,,
MADHYA PRADESH,JHABUA,22.892,74.672,,,,,,,,
UTTAR PRADESH,BALRAMPUR,27.484,82.375,,,,,,,,
MADHYA PRADESH,KHANDWA,21.935,76.568,,,,,,,,
MADHYA PRADESH,KHARGONE,21.919,75.771,,,,,,,,
MADHYA PRADESH,MAIHAR,24.265,80.76,,,,,,,,
MADHYA PRADESH,MANDLA,22.639,80.512,,,,,,,,
MADHYA PRADESH,MANDSAUR,24.204,75.405,,,,,,,,
MADHYA PRADESH,MAUGANJ,24.667,81.88,,,,,,,,
MADHYA PRADESH,MORENA,26.413,77.868,,,,,,,,
MADHYA PRADESH,NARMADAPURAM,22.745,77.736,,,,,,,,
MADHYA PRADESH,NARSINGHPUR,22.936,79.088,,,,,,,,
MADHYA PRADESH,NEEMUCH,24.592,75.142,,,,,,,,
MADHYA PRADESH,NIWARI,25.285,78.749,,,,,,,,
MADHYA PRADESH,PANDHURNA,21.6,78.52,,,,,,,,
MADHYA PRADESH,KATNI,23.753,80.403,,,,,,,,
MADHYA PRADESH,RAISEN,23.22,78.121,,,,,,,,
MADHYA PRADESH,RAJGARH,23.861,76.732,,,,,,,,
MADHYA PRADESH,RATLAM,23.502,75.089,,,,,,,,
MADHYA PRADESH,REWA,24.755,81.587,,,,,,,,
MADHYA PRADESH,SAGAR,23.85,78.76,,,,,,,,
MADHYA PRADESH,SATNA,24.531,80.831,,,,,,,,
MADHYA PRADESH,SEHORE,22.988,77.127,,,,,,,,
MADHYA PRADESH,SEONI,22.317,79.689,,,,,,,,
MADHYA PRADESH,SHAHDOL,23.629,81.474,,,,,,,,
MADHYA PRADESH,SHAJAPUR,23.366,76.575,,,,,,,,
MADHYA PRADESH,SHEOPUR,25.754,77.007,,,,,,,,
MADHYA PRADESH,SHIVPURI,25.366,77.805,,,,,,,,
MADHYA PRADESH,SIDHI,24.221,81.834,,,,,,,,
MADHYA PRADESH,SINGRAULI,24.215,82.419,,,,,,,,
MADHYA PRADESH,TIKAMGARH,24.883,79.016,,,,,,,,
MADHYA PRADESH,UJJAIN,23.331,75.669,,,,,,,,
MADHYA PRADESH,UMARIA,23.562,80.974,,,,,,,,
MADHYA PRADESH,VIDISHA,23.892,77.813,,,,,,,,
MAHARASHTRA,AHMEDNAGAR,19.205,74.675,,,,,,,,
MAHARASHTRA,AKOLA,20.748,77.055,,,,,,,,
MAHARASHTRA,AMRAOTI,21.187,77.57,,,,,,,,
MAHARASHTRA,BEED,18.946,75.838,,,,,,,,
MAHARASHTRA,BHANDARA,21.122,79.759,,,,,,,,
MAHARASHTRA,BULDHANA,20.511,76.407,,,,,,,,
MAHARASHTRA,CHANDRAPUR,20.118,79.44,,,,,,,,
MAHARASHTRA,CHHATRAPATI SAMBHAJINAGAR,20.029,75.281,,,,,,,,
MAHARASHTRA,DHARASHIV,18.188,76.038,,,,,,,,
MAHARASHTRA,DHULE,21.11,74.6,,,,,,,,
MAHARASHTRA,GADCHIROLI,19.788,80.241,,,,,,,,
MAHARASHTRA,GONDIA,21.159,80.212,,,,,,,,
MAHARASHTRA,HINGOLI,19.62,77.101,,,,,,,,
MAHARASHTRA,JALGAON,20.934,75.487,,,,,,,,
MAHARASHTRA,JALNA,19.808,75.981,,,,,,,,
MAHARASHTRA,KOLHAPUR,16.47,74.159,,,,,,,,
MAHARASHTRA,LATUR,18.374,76.76,,,,,,,,
MAHARASHTRA,MUMBAI CITY,18.961,72.852,35.6,20.2,76.0,LE,1479.4,1083.6,37.0,E
MAHARASHTRA,MUMBAI SUBURBAN,19.132,72.885,48.4,24.3,99.0,LE,1788.1,1160.7,54.0,E
MAHARASHTRA,NAGPUR,21.178,79.085,,,,,,,,
MAHARASHTRA,NANDED,19.112,77.618,,,,,,,,
MAHARASHTRA,NANDURBAR,21.55,74.216,,,,,,,,
MAHARASHTRA,NASHIK,20.26,74.071,,,,,,,,
MAHARASHTRA,PALGHAR,19.794,73.019,81.0,31.6,156.0,LE,1660.9,1043.8,59.0,E
MAHARASHTRA,PARBHANI,19.271,76.678,,,,,,,,
MAHARASHTRA,PUNE,18.571,74.068,,,,,,,,
MAHARASHTRA,RAIGAD,18.52,73.218,61.9,35.3,75.0,LE,1824.5,1485.7,23.0,E
MAHARASHTRA,RATNAGIRI,17.273,73.455,48.2,33.5,44.0,E,1575.0,1641.0,-4.0,N
MAHARASHTRA,SANGLI,17.114,74.768,,,,,,,,
MAHARASHTRA,SATARA,17.67,74.172,,,,,,,,
MAHARASHTRA,SHOLAPUR,17.791,75.483,,,,,,,,
MAHARASHTRA,SINDHUDURG,16.133,73.739,39.0,32.1,22.0,E,1031.1,1629.7,-37.0,D
MAHARASHTRA,THANE,19.361,73.321,46.3,27.7,67.0,LE,1286.4,1129.1,14.0,N
MAHARASHTRA,WARDHA,20.797,78.586,,,,,,,,
MAHARASHTRA,WASHIM,20.234,77.217,,,,,,,,
MAHARASHTRA,YEOTMAL,20.083,78.161,,,,,,,,
MANIPUR,BISHNUPUR,24.538,93.799,10.4,9.5,9.0,N,174.9,551.2,-68.0,LD
MANIPUR,CHANDEL,24.14,94.014,0.0,9.5,-100.0,NR,237.4,551.2,-57.0,D
MANIPUR,CHURACHANDPUR,24.28,93.603,46.0,9.5,384.0,LE,88.5,551.2,-84.0,LD
MANIPUR,IMPHAL EAST,24.826,94.009,4.9,5.4,-10.0,N,254.8,373.5,-32.0,D
MANIPUR,IMPHAL WEST,24.772,93.868,16.8,18.2,-8.0,N,175.4,816.8,-79.0,LD
MANIPUR,SENAPATI,25.398,94.127,0.8,3.3,-76.0,LD,216.9,348.1,-38.0,D
MANIPUR,TAMENGLONG,25.047,93.556,7.5,15.7,-52.0,D,1097.1,2295.4,-52.0,D
MANIPUR,THOUBAL,24.621,94.012,0.0,5.4,-100.0,NR,129.5,373.5,-65.0,LD
MANIPUR,UKHRUL,25.23,94.427,0.6,8.5,-93.0,LD,268.1,535.8,-50.0,D
MIZORAM,MAMIT,23.753,92.463,3.3,11.3,-71.0,LD,396.4,673.7,-41.0,D
MEGHALAYA,EAST JAINTIA HILLS,25.258,92.469,14.0,56.7,-75.0,LD,865.7,2374.8,-64.0,LD
MEGHALAYA,EAST KHASI HILLS,25.381,91.797,24.5,37.2,-34.0,D,1328.1,2390.3,-44.0,D
MEGHALAYA,NORTH GARO HILLS,25.856,90.665,1.5,11.4,-87.0,LD,353.6,920.1,-62.0,LD
MEGHALAYA,RI BHOI,25.871,91.886,1.2,12.9,-90.0,LD,407.2,695.0,-41.0,D
MEGHALAYA,SOUTH GARO HILLS,25.302,90.582,8.9,11.4,-22.0,D,502.6,920.1,-45.0,D
MEGHALAYA,SOUTH WEST GARO HILLS,25.446,89.993,5.1,11.4,-56.0,D,483.2,920.1,-47.0,D
MEGHALAYA,SOUTH WEST KHASI HILLS,25.321,91.243,27.8,11.4,143.0,LE,1810.4,920.1,97.0,LE
MEGHALAYA,WEST GARO HILLS,25.653,90.196,1.8,17.0,-89.0,LD,331.0,911.5,-64.0,LD
MEGHALAYA,WEST JAINTIA HILLS,25.483,92.285,8.1,56.7,-86.0,LD,582.4,2374.8,-75.0,LD
MEGHALAYA,WEST KHASI HILLS,25.605,91.263,6.5,38.4,-83.0,LD,447.4,1377.5,-68.0,LD
MIZORAM,AIZAWL,23.836,92.824,19.6,13.3,47.0,E,602.6,686.1,-12.0,N
MIZORAM,CHAMPHAI,23.425,93.304,13.2,11.3,17.0,N,477.5,578.1,-17.0,N
MIZORAM,KOLASIB,24.158,92.727,4.6,11.7,-60.0,LD,514.3,730.3,-30.0,D
MIZORAM,LAWNGTLAI,22.434,92.769,15.2,15.1,1.0,N,715.0,801.9,-11.0,N
MIZORAM,LUNGLEI,22.968,92.643,8.6,14.9,-43.0,D,659.3,797.2,-17.0,N
MADHYA PRADESH,PANNA,24.419,80.189,,,,,,,,
MIZORAM,SAIHA,22.291,93.001,5.6,15.4,-63.0,LD,532.8,827.5,-36.0,D
MIZORAM,SERCHHIP,23.299,92.934,24.3,13.5,80.0,LE,752.5,711.1,6.0,N
NAGALAND,DIMAPUR,25.776,93.795,12.8,3.5,267.0,LE,229.4,355.0,-35.0,D
NAGALAND,KIPHIRE,25.847,94.824,0.0,6.0,-100.0,NR,318.0,273.9,16.0,N
NAGALAND,KOHIMA,25.77,94.11,13.8,8.6,60.0,LE,442.2,527.3,-16.0,N
NAGALAND,LONGLENG,26.559,94.798,13.8,,,,0.2,505.5,-99.0,LD
NAGALAND,MOKOKCHUNG,26.472,94.529,8.9,17.2,-48.0,D,711.8,639.1,11.0,N
NAGALAND,MON,26.684,95.018,0.4,9.6,-96.0,LD,246.8,543.2,-55.0,D
NAGALAND,PEREN,25.493,93.615,7.9,6.9,14.0,N,318.6,395.5,-19.0,N
NAGALAND,PHEK,25.649,94.532,0.0,10.5,-100.0,NR,250.2,379.2,-34.0,D
NAGALAND,TUENSANG,26.177,94.887,13.8,,,,58.4,505.5,-88.0,LD
NAGALAND,WOKHA,26.196,94.198,12.0,16.7,-28.0,D,412.4,566.5,-27.0,D
NAGALAND,ZUNHEBOTO,26.003,94.486,0.8,9.2,-91.0,LD,79.4,502.4,-84.0,LD
ODISHA,ANGUL,20.987,84.906,27.8,14.1,97.0,LE,568.0,441.0,29.0,E
ODISHA,BALANGIR,20.589,83.172,26.5,15.7,69.0,LE,616.8,432.6,43.0,E
ODISHA,BALASORE,21.492,86.914,35.0,10.8,224.0,LE,496.6,469.4,6.0,N
ODISHA,BARGARH,21.219,83.349,56.3,23.9,136.0,LE,758.8,473.8,60.0,LE
ODISHA,BHADRAK,20.983,86.625,32.6,9.1,259.0,LE,528.7,407.1,30.0,E
ODISHA,BOUDH,20.644,84.173,62.5,13.2,373.0,LE,909.5,400.4,127.0,LE
ODISHA,CUTTACK,20.453,85.697,71.6,9.9,623.0,LE,686.8,429.2,60.0,LE
ODISHA,DEOGARH,21.537,84.733,84.9,16.4,418.0,LE,407.5,463.7,-12.0,N
ODISHA,DHENKANAL,20.827,85.524,55.8,11.8,373.0,LE,761.8,432.2,76.0,LE
ODISHA,GAJAPATI,19.186,84.161,15.4,10.3,49.0,E,270.3,357.2,-24.0,D
ODISHA,GANJAM,19.625,84.673,31.7,9.3,241.0,LE,329.3,336.3,-2.0,N
ODISHA,JAGATSINGHPUR,20.219,86.336,19.2,6.8,183.0,LE,608.5,365.7,66.0,LE
ODISHA,JAJPUR,20.856,86.149,36.3,11.2,224.0,LE,584.0,469.8,24.0,E
ODISHA,JHARSUGUDA,21.806,83.948,45.5,19.4,135.0,LE,500.7,469.4,7.0,N
ODISHA,KALAHANDI,19.868,83.108,28.3,16.3,73.0,LE,417.7,553.4,-25.0,D
ODISHA,KANDHAMAL,20.128,84.046,31.2,13.3,135.0,LE,681.3,433.0,57.0,E
ODISHA,KENDRAPARA,20.553,86.612,6.2,9.0,-31.0,D,659.7,393.0,68.0,LE
ODISHA,KEONJHARGARH,21.538,85.704,47.0,14.2,231.0,LE,590.3,454.6,30.0,E
ODISHA,KHURDA,20.091,85.515,48.1,11.1,333.0,LE,522.8,411.9,27.0,E
ODISHA,KORAPUT,18.814,82.718,15.0,17.7,-15.0,N,451.5,466.2,-3.0,N
ODISHA,MALKANGIRI,18.259,81.95,4.1,16.4,-75.0,LD,336.3,473.3,-29.0,D
ODISHA,MAYURBHANJ,21.896,86.409,15.0,11.8,27.0,E,458.5,484.5,-5.0,N
ODISHA,NAWAPARA,20.465,82.577,14.7,16.3,-10.0,N,444.1,420.2,6.0,N
ODISHA,NAWARANGPUR,19.225724,82.549722,23.7,18.8,26.0,E,333.3,540.2,-38.0,D
ODISHA,NAYAGARH,20.213,84.998,46.3,14.6,217.0,LE,600.6,433.8,38.0,E
ODISHA,PURI,19.879,85.726,40.9,7.9,417.0,LE,593.1,360.5,65.0,LE
ODISHA,RAYAGADA,19.364,83.512,26.1,14.0,86.0,LE,320.4,395.4,-19.0,N
ODISHA,SAMBALPUR,21.452,84.274,58.3,21.8,168.0,LE,579.0,501.3,15.0,N
ODISHA,SONEPUR,20.84622,83.896885,61.6,22.0,180.0,LE,919.9,460.7,100.0,LE
ODISHA,SUNDARGARH,22.08,84.559,70.4,18.5,281.0,LE,467.9,484.6,-3.0,N
PUDUCHERRY (UT),KARAIKAL,10.95,79.803,0.0,2.0,-100.0,NR,84.4,84.0,0.0,N
PUDUCHERRY (UT),MAHE,11.726,75.54,0.6,23.7,-97.0,LD,1090.0,1438.9,-24.0,D
PUDUCHERRY (UT),PUDUCHERRY,11.911,79.734,0.0,2.2,-100.0,NR,11.9,93.1,-87.0,LD
PUDUCHERRY (UT),YANAM,16.722,82.257,0.0,8.3,-100.0,NR,113.4,273.1,-58.0,D
PUNJAB,AMRITSAR,31.706,74.899,46.4,4.6,909.0,LE,166.7,162.8,2.0,N
PUNJAB,BARNALA,30.388,75.499,0.0,4.2,-100.0,NR,35.4,143.5,-75.0,LD
PUNJAB,BHATINDA,30.184,75.039,0.0,5.1,-100.0,NR,47.1,116.8,-60.0,LD
PUNJAB,FARIDKOT,30.613,74.779,0.0,4.9,-100.0,NR,147.4,129.7,14.0,N
PUNJAB,FATEHGARH SAHIB,30.642,76.376,2.0,5.9,-66.0,LD,63.1,190.7,-67.0,LD
PUNJAB,FAZILKA,30.278,74.165,1.3,6.5,-79.0,LD,44.0,99.8,-56.0,D
PUNJAB,FEROZEPUR,30.914,74.704,0.1,3.7,-97.0,LD,94.5,100.6,-6.0,N
PUNJAB,GURDASPUR,31.917,75.291,46.5,6.9,574.0,LE,320.1,233.0,37.0,E
PUNJAB,HOSHIARPUR,31.625,75.858,12.1,6.3,93.0,LE,45.4,232.8,-81.0,LD
PUNJAB,JALANDHAR,31.213,75.566,5.4,5.3,1.0,N,149.2,196.9,-24.0,D
PUNJAB,KAPURTHALA,31.354,75.4,1.6,7.2,-78.0,LD,84.4,170.0,-50.0,D
PUNJAB,LUDHIANA,30.805,75.833,0.0,3.3,-100.0,NR,134.0,177.4,-24.0,D
PUNJAB,MANSA,29.909,75.437,0.0,5.2,-100.0,NR,33.0,106.8,-69.0,LD
PUNJAB,MOGA,30.763,75.172,0.0,2.6,-100.0,NR,83.7,109.3,-23.0,D
PUNJAB,MUKTSAR,30.3,74.538,0.0,7.5,-100.0,NR,53.0,143.4,-63.0,LD
PUNJAB,PATHANKOT,32.297,75.616,80.6,10.9,640.0,LE,451.2,328.0,38.0,E
PUNJAB,PATIALA,30.283,76.351,2.2,7.5,-71.0,LD,104.5,201.6,-48.0,D
PUNJAB,RUPNAGAR,31.062,76.488,20.7,10.1,105.0,LE,133.3,302.4,-56.0,D
PUNJAB,SANGRUR,30.211,75.869,1.1,4.9,-78.0,LD,70.1,142.0,-51.0,D
PUNJAB,SAS NAGAR (MOHALI),30.682,76.739,0.6,6.4,-91.0,LD,116.2,249.2,-53.0,D
PUNJAB,SBS NAGAR,31.11,76.154,1.6,7.2,-78.0,LD,151.9,316.7,-52.0,D
PUNJAB,TARN TARAN,31.337,74.841,6.7,3.4,97.0,LE,73.8,97.0,-24.0,D
RAJASTHAN,AJMER,26.233,74.772,,,,,,,,
RAJASTHAN,ALWAR,27.591,76.601,,,,,,,,
RAJASTHAN,BANSWARA,23.478,74.365,,,,,,,,
RAJASTHAN,BARAN,24.995,76.748,,,,,,,,
RAJASTHAN,BARMER,25.735,71.475,,,,,,,,
RAJASTHAN,BHARATPUR,27.248,77.276,,,,,,,,
RAJASTHAN,BHILWARA,25.481,74.727,,,,,,,,
RAJASTHAN,BIKANER,28.178,73.174,,,,,,,,
RAJASTHAN,BUNDI,25.488,75.792,,,,,,,,
RAJASTHAN,CHITTORGARH,24.822,74.774,,,,,,,,
RAJASTHAN,CHURU,28.345,74.696,,,,,,,,
RAJASTHAN,DAUSA,26.858,76.51,,,,,,,,
RAJASTHAN,UDAIPUR,24.419,73.689,,,,,,,,
RAJASTHAN,DUNGARPUR,23.731,73.854,,,,,,,,
RAJASTHAN,HANUMANGARH,29.266,74.561,,,,,,,,
RAJASTHAN,JAIPUR,26.977,75.719,,,,,,,,
RAJASTHAN,JAISALMER,27.075,70.901,,,,,,,,
RAJASTHAN,JALORE,25.099,72.212,,,,,,,,
RAJASTHAN,JHALAWAR,24.336,76.194,,,,,,,,
RAJASTHAN,JHUNJHUNU,28.092,75.55,,,,,,,,
RAJASTHAN,JODHPUR,26.748,72.785,,,,,,,,
RAJASTHAN,KARAULI,26.523,76.958,,,,,,,,
RAJASTHAN,KOTA,25.109,76.104,,,,,,,,
RAJASTHAN,NAGAUR,27.066,74.175,,,,,,,,
RAJASTHAN,PALI,25.707,73.519,,,,,,,,
RAJASTHAN,PRATAPGARH,24.03,74.651,,,,,,,,
RAJASTHAN,RAJSAMAND,25.228,73.891,,,,,,,,
RAJASTHAN,SAWAI MADHOPUR,26.218,76.461,,,,,,,,
RAJASTHAN,SIKAR,27.634,75.288,,,,,,,,
RAJASTHAN,SIROHI,24.762,72.777,,,,,,,,
RAJASTHAN,SRI GANGANAGAR,29.397,73.571,,,,,,,,
RAJASTHAN,TONK,26.148,75.666,,,,,,,,
UTTAR PRADESH,CHANDAULI,25.142,83.258,,,,,,,,
SIKKIM,GANGTOK,27.292,88.671,12.9,18.3,-30.0,D,1034.7,1038.8,0.0,N
SIKKIM,GYALSHING,27.349,88.175,35.8,20.8,72.0,LE,1162.0,797.8,46.0,E
SIKKIM,MANGAN,27.744,88.528,2.2,15.2,-85.0,LD,716.8,721.8,-1.0,N
SIKKIM,NAMCHI,27.287,88.383,48.1,23.5,105.0,LE,1020.1,771.4,32.0,E
SIKKIM,Pakyong,27.23,88.6,24.5,17.4,41.0,E,917.8,741.4,24.0,E
SIKKIM,Soreng,27.17,88.25,28.0,20.8,35.0,E,1148.5,797.8,44.0,E
TAMILNADU,ARIYALUR,11.162,79.242,0.0,3.0,-100.0,NR,88.4,76.8,15.0,N
TAMILNADU,CHENGALPATTU,12.58,80.0,0.0,4.0,-100.0,NR,38.9,117.4,-67.0,LD
TAMILNADU,CHENNAI,13.063,80.232,0.0,3.8,-100.0,NR,90.5,135.5,-33.0,D
TAMILNADU,COIMBATORE,10.878,76.976,0.0,6.3,-100.0,NR,323.6,326.6,-1.0,N
TAMILNADU,CUDDALORE,11.536,79.45,0.0,2.2,-100.0,NR,113.5,91.2,24.0,E
TAMILNADU,DHARMAPURI,12.101,78.193,0.0,1.9,-100.0,NR,106.1,99.9,6.0,N
TAMILNADU,DINDIGUL,10.392,77.82,0.0,1.9,-100.0,NR,70.1,74.4,-6.0,N
TAMILNADU,ERODE,11.518,77.413,0.0,1.3,-100.0,NR,74.3,79.2,-6.0,N
TAMILNADU,KALLAKURICHI,11.798,79.011,0.0,2.0,-100.0,NR,85.9,100.5,-15.0,N
TAMILNADU,KANCHEEPURAM,12.826,79.828,0.0,4.2,-100.0,NR,78.6,140.8,-44.0,D
TAMILNADU,KANYAKUMARI,8.307,77.36,0.0,2.7,-100.0,NR,270.9,252.9,7.0,N
TAMILNADU,KARUR,10.844,78.135,0.0,0.6,-100.0,NR,33.0,41.0,-19.0,N
TAMILNADU,KRISHNAGIRI,12.491,78.031,0.0,2.2,-100.0,NR,91.7,88.2,4.0,N
TAMILNADU,MADURAI,9.923,78.005,0.0,1.7,-100.0,NR,71.6,77.9,-8.0,N
TAMILNADU,MAYILADUTHURAI,11.103,79.655,0.0,2.0,-100.0,NR,61.3,71.4,-14.0,N
TAMILNADU,NAGAPATTINAM,10.809,79.729,0.0,1.6,-100.0,NR,39.7,65.9,-40.0,D
TAMILNADU,NAMAKKAL,11.319,78.136,0.0,1.2,-100.0,NR,42.4,77.9,-46.0,D
TAMILNADU,NILGIRIS,11.456,76.64,1.2,8.3,-86.0,LD,265.5,365.3,-27.0,D
TAMILNADU,PERAMBALUR,11.275,78.89,0.0,1.6,-100.0,NR,73.2,57.5,27.0,E
TAMILNADU,PUDUKKOTTAI,10.36,78.879,0.0,1.6,-100.0,NR,87.2,79.0,10.0,N
TAMILNADU,RAMANATHAPURAM,9.449,78.691,0.0,1.1,-100.0,NR,10.3,32.1,-68.0,LD
WEST BENGAL,MALDAH,25.142,88.089,,,,,,,,
TAMILNADU,SALEM,11.678,78.223,0.0,1.8,-100.0,NR,95.5,110.7,-14.0,N
TAMILNADU,SIVAGANGA,9.919,78.591,0.0,2.4,-100.0,NR,89.2,96.4,-8.0,N
TAMILNADU,TENKASI,9.087,77.46,0.0,1.3,-100.0,NR,79.1,76.0,4.0,N
TAMILNADU,THANJAVUR,10.671,79.241,0.0,2.4,-100.0,NR,76.2,74.4,2.0,N
TAMILNADU,THENI,9.892,77.438,0.0,1.6,-100.0,NR,76.9,65.0,18.0,N
TAMILNADU,THIRUCHIRAPALLI,10.891,78.57,0.0,0.6,-100.0,NR,65.3,60.5,8.0,N
TAMILNADU,THIRUVALLUR,13.244,79.933,0.4,2.7,-86.0,LD,117.4,146.0,-20.0,D
TAMILNADU,THOOTHUKUDI,8.891,78.004,0.0,0.4,-100.0,NR,7.1,13.0,-46.0,D
TAMILNADU,TIRUNELVELI,8.575,77.604,0.0,0.4,-100.0,NR,247.9,34.4,621.0,LE
TAMILNADU,TIRUPATTUR,12.585,78.644,0.0,3.7,-100.0,NR,62.2,118.9,-48.0,D
TAMILNADU,TIRUPPUR,10.839,77.407,0.0,0.6,-100.0,NR,20.6,36.4,-44.0,D
TAMILNADU,TIRUVANNAMALAI,12.432,79.166,0.0,3.3,-100.0,NR,80.4,123.2,-35.0,D
TAMILNADU,TIRUVARUR,10.703,79.529,0.0,2.8,-100.0,NR,69.7,74.4,-6.0,N
TAMILNADU,VELLORE,12.901,78.954,0.0,3.4,-100.0,NR,69.8,130.1,-46.0,D
TAMILNADU,VILLUPURAM,12.123,79.527,0.0,3.4,-100.0,NR,70.6,108.7,-35.0,D
TAMILNADU,VIRUDHUNAGAR,9.492,77.906,0.0,2.0,-100.0,NR,52.1,46.1,13.0,N
TELANGANA,ADILABAD,19.52,78.566,23.4,11.9,97.0,LE,273.3,391.9,-30.0,D
TELANGANA,ANANTAPURAMU,14.6819,77.6006,,,,,,,,
TELANGANA,ANNAMAYYA DISTRICT,14.47,78.82,,,,,,,,
TELANGANA,B. KOTHAGUDEM,17.688,80.71,8.9,7.8,13.0,N,294.9,364.8,-19.0,N
TELANGANA,CHITTOOR,13.465,79.006,,,,,,,,
TELANGANA,HANUMAKONDA,18.005,79.77,3.9,5.4,-28.0,D,138.3,261.6,-47.0,D
TELANGANA,HYDERABAD,17.395,78.47,7.0,5.3,32.0,E,131.8,227.8,-42.0,D
TELANGANA,J. BHUPALPALLY,18.502,79.925,13.5,9.4,43.0,E,301.0,361.4,-17.0,N
TELANGANA,JAGTIAL,18.833,78.875,10.2,7.0,46.0,E,269.1,315.1,-15.0,N
TELANGANA,JANGAON,17.735,79.274,2.6,6.6,-61.0,LD,154.9,261.4,-41.0,D
TELANGANA,JOGULAMBA GADWAL,16.072,77.781,6.4,2.7,139.0,LE,120.4,162.3,-26.0,D
TELANGANA,KAMAREDDY,18.325,78.062,10.9,6.6,65.0,LE,280.1,288.3,-3.0,N
TELANGANA,KARIMNAGAR,18.379,79.235,7.3,4.6,59.0,E,180.6,268.4,-33.0,D
TELANGANA,KHAMMAM,17.2,80.361,8.7,7.1,23.0,E,240.1,285.4,-16.0,N
TELANGANA,KUMARAM BHEEM,19.359,79.417,22.5,13.1,72.0,LE,336.2,400.3,-16.0,N
TELANGANA,KURNOOL,15.532,77.999,,,,,,,,
TELANGANA,M. MALKAJGIRI,17.544,78.558,3.7,4.2,-11.0,N,85.3,188.4,-55.0,D
TELANGANA,MAHABUBABAD,17.668,79.984,3.4,8.0,-57.0,D,273.4,317.6,-14.0,N
TELANGANA,MAHABUBNAGAR,16.759,77.99,5.3,4.5,18.0,N,141.2,181.7,-22.0,D
TELANGANA,MANCHERIAL,18.996,79.514,21.3,7.8,173.0,LE,313.8,382.5,-18.0,N
TELANGANA,MEDAK,17.955,78.26,6.9,7.4,-7.0,N,233.9,286.1,-18.0,N
TELANGANA,MULUGU,18.289,80.337,7.4,11.4,-35.0,D,429.4,376.5,14.0,N
TELANGANA,NAGARKURNOOL,16.388,78.588,0.8,3.5,-78.0,LD,130.3,167.7,-22.0,D
TELANGANA,NALGONDA,16.877,79.193,3.1,3.5,-12.0,N,128.6,172.2,-25.0,D
TELANGANA,NANDYAL,15.478,78.483,,,,,,,,
TELANGANA,NARAYANPET,16.643,77.58,3.6,4.4,-19.0,N,150.3,165.6,-9.0,N
TELANGANA,NIRMAL,19.113,78.315,18.2,9.7,88.0,LE,162.6,350.8,-54.0,D
TELANGANA,NIZAMABAD,18.702,78.211,11.1,7.6,47.0,E,239.4,316.5,-24.0,D
TELANGANA,PEDDAPALLE,18.621,79.452,10.7,8.1,32.0,E,248.8,350.8,-29.0,D
TELANGANA,RAJANNA SIRCILLA,18.416,78.761,7.4,6.8,9.0,N,187.4,262.4,-29.0,D
TELANGANA,RANGAREDDY,17.131,78.413,6.3,4.0,58.0,E,146.0,198.8,-27.0,D
TELANGANA,SANGAREDDY,17.784,77.875,4.2,6.0,-29.0,D,210.6,263.8,-20.0,D
TELANGANA,SIDDIPET,18.01,78.849,8.9,4.7,90.0,LE,168.5,227.0,-26.0,D
TELANGANA,SRI SATHYASAI DISTRICT,14.158081,77.826801,,,,,,,,
TELANGANA,SURYAPET,17.081,79.754,3.1,8.7,-65.0,LD,177.3,228.2,-22.0,D
TELANGANA,TIRUPATI,13.6288,79.4192,,,,,,,,
TELANGANA,VIKARABAD,17.254,77.746,9.4,6.5,45.0,E,151.4,242.8,-38.0,D
TELANGANA,WANAPARTHY,16.294,78.038,3.0,4.0,-25.0,D,109.7,193.4,-43.0,D
TELANGANA,WARANGAL,17.978,79.594,2.6,8.7,-70.0,LD,173.2,350.8,-51.0,D
TELANGANA,Y. BHUVANAGIRI,17.452,78.981,2.5,4.6,-46.0,D,81.0,204.9,-60.0,LD
TELANGANA,YSR DISTRICT,14.467,78.824,,,,,,,,
TRIPURA,DHALAI,23.839,91.92,2.4,12.9,-82.0,LD,696.2,653.8,6.0,N
TRIPURA,GOMATI,23.53,91.619,4.0,13.9,-72.0,LD,566.6,716.6,-21.0,D
TRIPURA,KHOWAI,23.947,91.655,5.6,10.8,-48.0,D,732.3,666.1,10.0,N
TRIPURA,NORTH TRIPURA,24.095,92.209,3.8,11.9,-68.0,LD,616.6,654.9,-6.0,N
TRIPURA,SIPAHIJALA,23.587,91.33,4.0,19.9,-80.0,LD,578.8,674.3,-14.0,N
TRIPURA,SOUTH TRIPURA,23.192,91.588,9.0,21.0,-57.0,D,630.2,895.2,-30.0,D
TRIPURA,UNAKOTI,24.193,92.04,1.3,14.2,-91.0,LD,799.1,704.1,13.0,N
TRIPURA,WEST TRIPURA,23.888,91.397,8.7,19.2,-55.0,D,687.6,615.9,12.0,N
UTTAR PRADESH,AGRA,27.036,78.076,,,,,,,,
UTTAR PRADESH,ALIGARH,27.926,78.065,,,,,,,,
UTTAR PRADESH,AMBEDKAR NAGAR,26.419,82.666,,,,,,,,
UTTAR PRADESH,AMETHI,26.288,81.64,,,,,,,,
UTTAR PRADESH,AMROHA,28.813,78.332,,,,,,,,
MEGHALAYA,EAST GARO HILLS,25.624,90.631,0.2,12.7,-99.0,LD,436.5,965.1,-55.0,D
UTTAR PRADESH,GHAZIPUR,25.624,83.556,,,,,,,,
UTTAR PRADESH,AZAMGARH,26.046,83.067,,,,,,,,
UTTAR PRADESH,BADAUN,28.078,79.042,,,,,,,,
UTTAR PRADESH,AURAIYA,26.658,79.479,,,,,,,,
UTTAR PRADESH,BAHRAICH,27.698,81.493,,,,,,,,
UTTAR PRADESH,BALLIA,25.876,84.103,,,,,,,,
UTTAR PRADESH,AYODHYA,26.658,81.997,,,,,,,,
UTTAR PRADESH,BANDA,25.471,80.557,,,,,,,,
UTTAR PRADESH,BARABANKI,26.939,81.332,,,,,,,,
UTTAR PRADESH,BAREILLY,28.458,79.431,,,,,,,,
UTTAR PRADESH,BASTI,26.82,82.626,,,,,,,,
UTTAR PRADESH,BHADOHI,25.348,82.464,,,,,,,,
UTTAR PRADESH,BIJNOR,29.386,78.389,,,,,,,,
UTTAR PRADESH,BULANDSHAHAR,28.363,78.015,,,,,,,,
RAJASTHAN,DHOLPUR,26.681,77.702,,,,,,,,
UTTAR PRADESH,CHITRAKOOT,25.206,81.078,,,,,,,,
UTTAR PRADESH,DEORIA,26.425,83.835,,,,,,,,
UTTAR PRADESH,ETAH,27.516,78.717,,,,,,,,
UTTAR PRADESH,ETAWAH,26.764,79.095,,,,,,,,
UTTAR PRADESH,FARRUKHABAD,27.431,79.459,,,,,,,,
UTTAR PRADESH,FATEHPUR,25.875,80.808,,,,,,,,
UTTAR PRADESH,FIROZABAD,27.187,78.526,,,,,,,,
UTTAR PRADESH,GAUTAM BUDDHA NAGAR,28.394,77.556,,,,,,,,
UTTAR PRADESH,GHAZIABAD,28.768,77.476,,,,,,,,
WEST BENGAL,JALPAIGURI,26.681,88.761,4.1,31.9,-87.0,LD,1312.6,1426.4,-8.0,N
UTTAR PRADESH,GONDA,27.083,82.025,,,,,,,,
UTTAR PRADESH,GORAKHPUR,26.656,83.359,,,,,,,,
UTTAR PRADESH,HAMIRPUR,25.751,79.865,,,,,,,,
UTTAR PRADESH,HAPUR,28.722,77.893,,,,,,,,
UTTAR PRADESH,HARDOI,27.33,80.162,,,,,,,,
UTTAR PRADESH,HATHRAS,27.582,78.164,,,,,,,,
UTTAR PRADESH,JALAUN,26.091,79.386,,,,,,,,
UTTAR PRADESH,JAUNPUR,25.746,82.575,,,,,,,,
UTTAR PRADESH,JHANSI,25.508,78.951,,,,,,,,
UTTAR PRADESH,KANNAUJ,27.014,79.689,,,,,,,,
UTTAR PRADESH,KANPUR CITY,26.391,80.208,,,,,,,,
UTTAR PRADESH,KANPUR DEHAT,26.44,79.853,,,,,,,,
UTTAR PRADESH,KASGANJ,27.773,78.846,,,,,,,,
UTTAR PRADESH,KAUSHAMBI,25.498,81.415,,,,,,,,
UTTAR PRADESH,KHERI,28.121,80.667,,,,,,,,
UTTAR PRADESH,KUSHI NAGAR,26.863,83.934,,,,,,,,
UTTAR PRADESH,LALITPUR,24.653,78.562,,,,,,,,
UTTAR PRADESH,LUCKNOW,26.842,80.906,,,,,,,,
UTTAR PRADESH,MAHARAJGANJ,27.201,83.531,,,,,,,,
UTTAR PRADESH,MAHOBA,25.363,79.726,,,,,,,,
UTTAR PRADESH,MAINPURI,27.182,79.052,,,,,,,,
UTTAR PRADESH,MATHURA,27.597,77.626,,,,,,,,
UTTAR PRADESH,MAU,26.047,83.562,,,,,,,,
UTTAR PRADESH,MEERUT,29.036,77.783,,,,,,,,
UTTAR PRADESH,MIRZAPUR,24.987,82.607,,,,,,,,
UTTAR PRADESH,MORADABAD,28.899,78.788,,,,,,,,
UTTAR PRADESH,MUZAFFARNAGAR,29.416,77.725,,,,,,,,
UTTAR PRADESH,PILIBHIT,28.531,79.995,,,,,,,,
UTTAR PRADESH,PRATAPGARH,25.873,81.829,,,,,,,,
UTTAR PRADESH,PRAYAGRAJ,25.304,81.96,,,,,,,,
UTTAR PRADESH,RAE BAREILLY,26.226,81.135,,,,,,,,
UTTAR PRADESH,RAMPUR,28.81,79.115,,,,,,,,
UTTAR PRADESH,SAHARANPUR,29.951,77.547,,,,,,,,
UTTAR PRADESH,SAMBHAL,28.455,78.552,,,,,,,,
UTTAR PRADESH,SANT KABIR NAGAR,26.776,83.027,,,,,,,,
UTTAR PRADESH,SHAHJAHANPUR,27.951,79.822,,,,,,,,
UTTAR PRADESH,SHAMLI,29.5,77.282,,,,,,,,
UTTAR PRADESH,SHRAWASTI,27.718,81.903,,,,,,,,
UTTAR PRADESH,SIDDHARTH NAGAR,27.27,82.873,,,,,,,,
UTTAR PRADESH,SITAPUR,27.517,80.852,,,,,,,,
UTTAR PRADESH,SONBHADRA,24.408,83.051,,,,,,,,
UTTAR PRADESH,SULTANPUR,26.243,82.225,,,,,,,,
UTTAR PRADESH,UNNAO,26.609,80.561,,,,,,,,
UTTAR PRADESH,VARANASI,25.388,82.914,,,,,,,,
UTTARAKHAND,ALMORA,29.691,79.504,7.1,4.9,45.0,E,377.3,341.7,10.0,N
UTTARAKHAND,BAGESHWAR,29.996,79.859,41.0,4.9,737.0,LE,762.7,341.7,123.0,LE
UTTARAKHAND,CHAMOLI,30.494,79.577,32.1,9.8,228.0,LE,401.2,286.8,40.0,E
UTTARAKHAND,CHAMPAWAT,29.281,80.069,9.9,14.7,-33.0,D,389.5,565.5,-31.0,D
UTTARAKHAND,DEHRADUN,30.472,77.968,18.3,22.0,-17.0,N,522.5,567.2,-8.0,N
UTTARAKHAND,GARHWAL PAURI,29.88,78.764,16.0,15.9,1.0,N,257.0,434.4,-41.0,D
UTTARAKHAND,GARHWAL TEHRI,30.437,78.536,22.7,10.9,108.0,LE,505.6,346.4,46.0,E
UTTARAKHAND,HARDWAR,29.881,77.996,0.0,9.2,-100.0,NR,409.0,363.4,13.0,N
UTTARAKHAND,NAINITAL,29.317,79.463,3.5,12.7,-73.0,LD,464.2,700.5,-34.0,D
UTTARAKHAND,PITHORAGARH,30.113,80.345,31.5,16.9,87.0,LE,538.3,623.7,-14.0,N
UTTARAKHAND,RUDRAPRAYAG,30.507,79.052,28.8,24.3,19.0,N,458.8,595.6,-23.0,D
UTTARAKHAND,UDHAM SINGH NAGAR,29.042,79.471,2.1,7.0,-70.0,LD,477.1,447.1,7.0,N
UTTARAKHAND,UTTARKASHI,30.973,78.607,23.9,19.6,22.0,E,426.3,461.1,-8.0,N
WEST BENGAL,ALIPURDUAR,26.631,89.457,15.1,28.7,-47.0,D,1649.4,1518.8,9.0,N
WEST BENGAL,BANKURA,23.139,87.136,,,,,,,,
WEST BENGAL,BIRBHUM,23.955,87.663,,,,,,,,
WEST BENGAL,COOCH BEHAR,26.292,89.346,13.8,24.5,-44.0,D,1243.6,1153.7,8.0,N
WEST BENGAL,DARJILING,26.853,88.263,,,,,,,,
WEST BENGAL,EAST MIDNAPORE,22.032,87.772,,,,,,,,
WEST BENGAL,HOOGHLY,22.884,88.072,,,,,,,,
WEST BENGAL,HOWRAH,22.524,88.064,,,,,,,,
HARYANA,SONEPAT,29.057,76.875,1.7,9.3,-82.0,LD,108.7,173.4,-37.0,D
WEST BENGAL,JHARGRAM,22.363,86.956,,,,,,,,
WEST BENGAL,KALIMPONG,27.033,88.629,26.8,36.0,-26.0,D,1036.4,1121.3,-8.0,N
WEST BENGAL,KOLKATA,22.559,88.344,,,,,,,,
UTTAR PRADESH,BAGHPAT,29.057,77.308,,,,,,,,
WEST BENGAL,MURSHIDABAD,24.171,88.229,,,,,,,,
WEST BENGAL,NADIA,23.479,88.517,,,,,,,,
WEST BENGAL,NORTH 24 PARGANAS,22.727,88.731,,,,,,,,
WEST BENGAL,NORTH DINAJPUR,25.889,87.998,2.4,11.2,-79.0,LD,545.0,682.4,-20.0,D
WEST BENGAL,PASCHIM BARDHAMAN,23.661,87.16,,,,,,,,
WEST BENGAL,PURBA BARDHAMAN,23.36,87.947,,,,,,,,
WEST BENGAL,PURULIA,23.277,86.421,,,,,,,,
WEST BENGAL,SOUTH 24 PARGANAS,22.063,88.535,,,,,,,,
WEST BENGAL,SOUTH DINAJPUR,25.367,88.575,16.6,13.5,23.0,E,542.1,494.7,10.0,N
WEST BENGAL,WEST MIDNAPORE,22.439,87.417,,,,,,,,
